-- --------------------------------------------------------
-- Host:                         127.0.0.1
-- Server version:               10.3.9-MariaDB-log - mariadb.org binary distribution
-- Server OS:                    Win64
-- HeidiSQL Version:             9.5.0.5196
-- --------------------------------------------------------

/*!40101 SET @OLD_CHARACTER_SET_CLIENT=@@CHARACTER_SET_CLIENT */;
/*!40101 SET NAMES utf8 */;
/*!50503 SET NAMES utf8mb4 */;
/*!40014 SET @OLD_FOREIGN_KEY_CHECKS=@@FOREIGN_KEY_CHECKS, FOREIGN_KEY_CHECKS=0 */;
/*!40101 SET @OLD_SQL_MODE=@@SQL_MODE, SQL_MODE='NO_AUTO_VALUE_ON_ZERO' */;


-- Dumping database structure for srp1_0b
CREATE DATABASE IF NOT EXISTS `srp1_0b` /*!40100 DEFAULT CHARACTER SET utf8 */;
USE `srp1_0b`;

-- Dumping structure for table srp1_0b.bahagian
CREATE TABLE IF NOT EXISTS `bahagian` (
  `kod_bah` int(11) unsigned NOT NULL AUTO_INCREMENT,
  `kod_jab` int(11) DEFAULT NULL,
  `kod_sektor` int(11) DEFAULT NULL,
  `nama_bahagian` varchar(150) DEFAULT NULL,
  `singkatan_bahagian` varchar(50) DEFAULT NULL,
  `tkh_kemaskini` datetime DEFAULT NULL,
  `id_pengemaskini` int(11) DEFAULT NULL,
  `papar_data` tinyint(1) DEFAULT NULL,
  PRIMARY KEY (`kod_bah`),
  KEY `kod_jab` (`kod_jab`),
  KEY `kod_sektor` (`kod_sektor`),
  FULLTEXT KEY `nama_bahagian` (`nama_bahagian`)
) ENGINE=InnoDB AUTO_INCREMENT=23 DEFAULT CHARSET=latin1;

-- Dumping data for table srp1_0b.bahagian: ~22 rows (approximately)
/*!40000 ALTER TABLE `bahagian` DISABLE KEYS */;
INSERT INTO `bahagian` (`kod_bah`, `kod_jab`, `kod_sektor`, `nama_bahagian`, `singkatan_bahagian`, `tkh_kemaskini`, `id_pengemaskini`, `papar_data`) VALUES
	(1, 101115, NULL, 'Tiada Pilihan Dibuat', 'Tiada Pilihan Dibuat', NULL, NULL, NULL),
	(2, 101115, NULL, 'Pejabat Ketua Pengarah MAMPU', 'Pej. KP', NULL, NULL, 1),
	(3, 101115, NULL, 'Pejabat Timbalan Ketua Pengarah (TPP) MAMPU', 'Pej. TKP TPP', NULL, NULL, 1),
	(4, 101115, NULL, 'Pejabat Timbalan Ketua Pengarah (ICT) MAMPU', 'Pej. TKP ICT', '2017-02-06 15:21:13', 9, 1),
	(5, 101115, NULL, 'Bahagian Dasar Transformasi', 'BDT', NULL, NULL, 1),
	(6, 101115, NULL, 'Bahagian Pembangunan Aplikasi', 'BPA', '2017-01-04 12:28:14', 1, 1),
	(7, 101115, NULL, 'Bahagian 1MOCC', '1MOCC', '2017-01-19 17:20:53', 7, 1),
	(8, 101115, NULL, 'Bahagian Perancangan dan Komunikasi Korporat', 'BPKK', '2017-01-04 12:04:02', 1, 1),
	(9, 101115, NULL, 'Bahagian Khidmat Pengurusan', 'BKP', '2017-01-04 12:35:52', 1, 1),
	(10, 101115, NULL, 'Bahagian Penyelidikan Pengurusan', 'BPP', '2017-01-04 12:38:46', 1, 1),
	(11, 101115, NULL, 'Bahagian Perundingan Pengurusan 1', 'BPP1', '2017-01-04 12:39:39', 1, 1),
	(12, 101115, NULL, 'Bahagian Perundingan Pengurusan 2', 'BPP2', '2017-01-04 12:40:07', 1, 1),
	(13, 101115, NULL, 'Bahagian Perundingan ICT', 'BPI', '2017-04-12 08:55:49', 3, 1),
	(14, 101115, NULL, 'Bahagian Pembangunan Strategik dan Arkitektur ICT', 'BSA', '2017-04-12 08:55:03', 3, 1),
	(15, 101115, NULL, 'Bahagian Perkhidmatan Gunasama Infrastruktur dan Keselamatan ICT', 'BPG', '2017-01-04 12:43:38', 1, 1),
	(16, 101115, NULL, 'Bahagian Kerajaan Digital', 'BKD', '2017-01-04 12:44:17', 1, 1),
	(17, 101115, NULL, 'Unit Integriti', 'UI', '2017-01-04 12:45:03', 1, 1),
	(18, 101115, NULL, 'Unit KPI', 'UKPI', '2017-01-04 12:45:18', 1, 1),
	(19, 101115, NULL, 'Unit Penyelarasan dan Khidmat Sokongan Sektor TPP', 'UPKS TPP', '2017-01-04 12:46:13', 1, 1),
	(20, 101115, NULL, 'Unit Penyelarasan dan Khidmat Sokongan Sektor ICT', 'UPKS ICT', '2017-01-04 12:46:35', 1, 1),
	(21, 101115, NULL, 'MAMPU Sabah', 'CSBH', '2017-01-04 12:47:37', 1, 1),
	(22, 101115, NULL, 'MAMPU Sarawak', 'CSWK', '2017-01-04 12:47:53', 1, 1);
/*!40000 ALTER TABLE `bahagian` ENABLE KEYS */;

-- Dumping structure for table srp1_0b.dokumen
CREATE TABLE IF NOT EXISTS `dokumen` (
  `kod_dok` int(11) unsigned NOT NULL AUTO_INCREMENT,
  `tanda_hapus` int(1) DEFAULT 1 COMMENT '1:wujud, 0:hapus',
  `tajuk_dok` varchar(300) DEFAULT NULL,
  `bil_dok` int(3) DEFAULT NULL,
  `tahun_dok` int(4) DEFAULT NULL,
  `des_dok` text DEFAULT NULL COMMENT 'penerangan ringkas kandungan dokumen',
  `kod_kat` int(11) DEFAULT NULL,
  `kod_sektor` int(11) DEFAULT NULL,
  `kod_bah` int(11) DEFAULT NULL,
  `kod_kem` int(11) DEFAULT NULL,
  `kod_jab` int(11) DEFAULT NULL,
  `kod_status` int(11) DEFAULT NULL,
  `id_pendaftar` int(11) DEFAULT NULL COMMENT 'asal: id_pengguna',
  `tarikh_dok` date DEFAULT NULL COMMENT 'tarikh daftar dokumen di dalam sistem',
  `nama_dok_asal` varchar(150) DEFAULT NULL,
  `nama_dok_disimpan` varchar(150) DEFAULT NULL,
  `id_pengemaskini` int(11) DEFAULT NULL,
  `tarikh_kemaskini` date DEFAULT NULL,
  `tarikh_wujud` date DEFAULT NULL COMMENT 'tarikh dokumen diterbitkan',
  `tarikh_mansuh` date DEFAULT NULL,
  `tarikh_pinda` date DEFAULT NULL,
  `tajuk_dok_asal` varchar(150) DEFAULT NULL,
  `tajuk_dok_baharu` varchar(150) DEFAULT NULL,
  `tarikh_serah` date DEFAULT NULL,
  `kod_jab_asal` int(11) DEFAULT NULL,
  `kod_jab_baharu` int(11) DEFAULT NULL,
  `tag_dokumen` text DEFAULT NULL,
  `catatan_dokumen` text DEFAULT NULL,
  PRIMARY KEY (`kod_dok`),
  KEY `bil_dok` (`bil_dok`),
  KEY `tahun_dok` (`tahun_dok`),
  KEY `kod_kat` (`kod_kat`),
  KEY `kod_status` (`kod_status`),
  KEY `kod_sektor` (`kod_sektor`),
  KEY `kod_bah` (`kod_bah`),
  FULLTEXT KEY `dokumen_index` (`tajuk_dok`,`des_dok`,`tag_dokumen`)
) ENGINE=InnoDB AUTO_INCREMENT=149 DEFAULT CHARSET=latin1;

-- Dumping data for table srp1_0b.dokumen: ~148 rows (approximately)
/*!40000 ALTER TABLE `dokumen` DISABLE KEYS */;
INSERT INTO `dokumen` (`kod_dok`, `tanda_hapus`, `tajuk_dok`, `bil_dok`, `tahun_dok`, `des_dok`, `kod_kat`, `kod_sektor`, `kod_bah`, `kod_kem`, `kod_jab`, `kod_status`, `id_pendaftar`, `tarikh_dok`, `nama_dok_asal`, `nama_dok_disimpan`, `id_pengemaskini`, `tarikh_kemaskini`, `tarikh_wujud`, `tarikh_mansuh`, `tarikh_pinda`, `tajuk_dok_asal`, `tajuk_dok_baharu`, `tarikh_serah`, `kod_jab_asal`, `kod_jab_baharu`, `tag_dokumen`, `catatan_dokumen`) VALUES
	(1, 1, 'Dasar Perkhidmatan Prasarana Kunci Awam Kerajaan [Government Public Key Infrastructure (GPKI)]', 3, 2015, 'Pekeliling Kemajuan Pentadbiran Awam ini bertujuan untuk menjelaskan kepada ketua-ketua jabatan kerajaan mengenai dasar perkhidmatan Prasarana Kunci Awam Kerajaan [Government Public Key Infrastructure (GPKI)] bagi memantapkan tahap keselamatan data dan maklumat sistem teknologi maklumat dan komunikasi (ICT) kerajaan dalam menyokong inisiatif perkhidmatan digital kerajaan. Prasarana Kunci Awam [Public Key Infrastructure (PKI)] ialah gabungan perisian, teknologi penyulitan dan perkhidmatan yang membolehkan organisasi memastikan data dan maklumat transaksi urus niaga secara dalam talian selamat. Prasarana Kunci Awam (PKI) membolehkan data serta maklumat dilindungi dari aspek kerahsiaan, integriti dan kebolehsediaan. Sebarang transaksi atau aktiviti terhadap data dan maklumat tidak boleh disangkal melalui pengesahan jejak audit. Selaras dengan Akta Tandatangan Digital 1997 dan Peraturan-Peraturan Tandatangan Digital 1998, Prasarana Kunci Awam (PKI) telah mula dilaksanakan pada tahun 2002 dalam pelaksanaan projek-projek Kerajaan Elektronik (EG). Bagi menyelaras pelaksanaan Prasarana Kunci Awam (PKI) di agensi sektor awam, Unit Pemodenan Tadbiran dan Perancangan Pengurusan Malaysia (MAMPU), Jabatan Perdana Menteri (JPM) telah menyediakan perkhidmatan Prasarana Kunci Awam (PKI) secara berpusat yang dikenali sebagai perkhidmatan  Prasarana Kunci Awam Kerajaan (GPKI).', 7, 4, 15, 101, 101115, 2, 13, '2017-03-23', 'PKPA Bilangan 3 2015 - Dasar Perkhidmatan GPKI.pdf', 'srp_doc1.pdf', 3, '2017-03-23', '2015-10-23', '0000-00-00', '0000-00-00', 'Tiada data dimasukkan.', 'Tiada data dimasukkan.', '0000-00-00', 1, 1, 'GPKI, ICT, Perkhidmatan\r\n', NULL),
	(2, 1, 'Pengurusan Laman Web Agensi Sektor Awam', 2, 2015, 'Pekeliling ini bertujuan memaklumkan ketua-ketua jabatan kerajaan mengenai panduan melaksanakan pengurusan laman web agensi sektor awam yang berkesan bagi menyokong inisiatif perkhidmatan awam selaras dengan perkembangan teknologi terkini dan penyampaian perkhidmatan yang berpaksikan rakyat. Laman web agensi menjadi saluran utama agensi sektor awam untuk menyampaikan maklumat dan perkhidmatan kepada rakyat dan komuniti di bawah inisiatif Kerajaan Elektronik. Manakala, laman web rasmi Kerajaan Malaysia, iaitu Portal myGovernment  (www.malaysia.gov.my) bertindak sebagai pusat masuk tunggal (single entry point) yang dihubungkan ke laman web agensi sektor awam bertujuan memudahkan pengguna mendapatkan semua maklumat dan perkhidmatan agensi sektor awam secara berpusat.', 7, 4, 16, 101, 101115, 2, 13, '2017-03-23', 'PKPA Bil. 2 2015 - Pengurusan Laman Web Agensi Sektor Awam.pdf', 'srp_doc2.pdf', 3, '2017-03-23', '2015-09-30', '0000-00-00', '0000-00-00', 'Tiada data dimasukkan.', 'Tiada data dimasukkan.', '0000-00-00', 1, 1, 'QR Code, RSS, JPICT\r\n', NULL),
	(3, 1, 'Panduan Merakyatkan Perkhidmatan Awam', 1, 2015, 'Pekeliling ini bertujuan memaklumkan kepada ketua-ketua jabatan kerajaan mengenai panduan untuk memperkasakan agensi masing-masing berteraskan enam prinsip di bawah gagasan Merakyatkan Perkhidmatan Awam (MPA).\r\n\r\nPanduan ini menerangkan pembudayaan enam prinsip MPA, iaitu keterbukaan, musyawarah, turun padang, insaniah, kekitaan serta kerjasama antara awam, swasta dan badan bukan kerajaan. MPA ini menyediakan satu kerangka menyeluruh dan seimbang yang mengambil kira aspek institusi dan individu.', 7, 2, 5, 101, 101115, 2, 13, '2017-03-28', '2015-PKPA 01-PANDUAN MERAKYATKAN PERKHIDMATAN AWAM.pdf', 'srp_doc3.pdf', 3, '2017-03-28', '2015-05-14', '0000-00-00', '0000-00-00', 'Tiada data dimasukkan.', 'Tiada data dimasukkan.', '0000-00-00', 1, 1, 'Perkhidmatan Awam, Penjawat Awam,  Perkhidmatan\r\n', NULL),
	(4, 1, 'Penambahbaikan Proses Pengurusan Aduan Awam', 1, 2009, 'Pekeliling ini bertujuan untuk memaklumkan jabatan/agensi Kerajaan mengenai penambahbaikan ke atas proses pengurusan aduan awam. Pekeliling ini mengandungi maklumat proses pengurusan aduan awam yang baru menggantikan Pekeliling Pentadbiran Awam Bilangan 4 Tahun 1992 mengenai Pengendalian Pengaduan Awam. Walau bagaimanapun, Surat Pekeliling Kemajuan Pentadbiran Awam Bilangan 1 Tahun 2002 masih berkuatkuasa. Dengan ini, Pekeliling Kemajuan Pentadbiran Awam Bilangan 4 Tahun 1992 adalah dibatalkan.', 7, 3, 19, 101, 101115, 2, 13, '2017-03-28', '2009-PKPA 01-Penambahbaikan Proses Pengurusan Aduan Awam.pdf', 'srp_doc4.pdf', 3, '2017-03-28', '2009-02-24', '0000-00-00', '0000-00-00', 'Tiada data dimasukkan.', 'Tiada data dimasukkan.', '0000-00-00', 1, 1, 'Aduan Awam, Sistem Pengurusan, Biro Pengaduan Awam\r\n', NULL),
	(5, 1, 'Panduan Menambahbaik Sistem Penyampaian Perkhidmatan Kerajaan Menerusi Perkhidmatan Pesanan Ringkas (SMS)', 3, 2008, 'Panduan ini bertujuan untuk memberi penjelasan mengenai Perkhidmatan Pesanan Ringkas (SMS) dan langkah-langkah yang perlu diambil dalam melaksanakan sistem perkhidmatan pesanan menerusi SMS di agensi-agensi kerajaan. Melalui penerangan yang menyeluruh dalam panduan ini, agensi-agensi diharap dapat meningkatkan penggunaan dan keberkesanan penggunaan SMS dalam meningkatkan sistem penyampaian kepada pelanggan. Agensi kerajaan adalah dikehendaki menggunakan perkhidmatan Gerbang SMS Kerajaan untuk menyalurkan perkhidmatan menerusi SMS kepada pelanggan. Bagi agensi yang telah menyedia atau melaksana perkhidmatan SMS melalui penyedia perkhidmatan lain, agensi-agensi berkenaan masih boleh melaksanakan perkhidmatan SMS menerusi penyedia perkhidmatan lain tetapi pada masa yang sama agensi perlu juga memastikan perkhidmatan tersebut dapat diakses menerusi mySMS 15888. ', 7, 4, 6, 101, 101115, 2, 13, '2017-03-23', '2008-PKPA 03- Panduan Menambahbaik Sistem Penyampaian Perkhidmatan Kerajaan Menerusi Perkhidmatan Pesanan Ringkas (SMS).pdf', 'srp_doc5.pdf', 3, '2017-03-23', '2008-11-25', '0000-00-00', '0000-00-00', 'Tiada data dimasukkan.', 'Tiada data dimasukkan.', '0000-00-00', 1, 1, 'SMS, MySMS, SRS\r\n', NULL),
	(6, 1, 'Panduan Menambah Baik Penyampaian Perkhidmatan Menerusi Penggunaan Kios di Agensi-Agensi Kerajaan', 2, 2008, 'Panduan ini bertujuan untuk memberi penjelasan mengenai tatacara dan mekanisme menyediakan sistem penyampaian perkhidmatan menerusi penggunaan kios di agensi-agensi Kerajaan. Panduan ini mengandungi maklumat mengenai ciri-ciri sebuah kios dan langkah-langkah dalam mewujudkan perkhidmatan menerusi kios. Melalui penerangan yang menyeluruh dalam panduan ini, agensi-agensi diharap dapat meningkatkan penggunaan dan keberkesanan penggunaan kios dalam meningkatkan sistem penyampaian kepada pelanggan. Pemakaian pekeliling ini adalah tertakluk kepada penerimaannya oleh pihak berkuasa masing-masing, pekeliling ini pada keseluruhannya dipanjangkan kepada semua Perkhidmatan Awam Negeri, Pihak Berkuasa Berkanun (Persekutuan dan Negeri) dan Pihak Berkuasa Tempatan.', 7, 4, 6, 101, 101115, 2, 13, '2017-03-23', '2008-PKPA 02-KIOS.pdf', 'srp_doc6.pdf', 3, '2017-03-23', '2008-10-16', '0000-00-00', '0000-00-00', 'Tiada data dimasukkan.', 'Tiada data dimasukkan.', '0000-00-00', 1, 1, 'SOP, SLA, Kios\r\n', NULL),
	(7, 1, 'Garis Panduan Bagi Melaksanakan Anugerah Inovasi Perkhidmatan Awam', 1, 2006, 'Pekeliling ini bertujuan untuk memaklumkan kepada agensi-agensi Kerajaan mengenai pelaksanaan program Anugerah Inovasi Perkhidmatan Awam (AIPA). Pekeliling Kemajuan Pentadbiran Awam Bilangan 3 Tahun 1991 bertajuk "Anugerah Inovasi Perkhidmatan Awam" telah diperkenalkan pada tahun 1991. Tujuan pekeliling ini adalah untuk memberi pengiktirafan kepada individu, kumpulan dan agensi yang berjaya melaksanakan inovasi di agensi masing-masing. Walau bagaimanapun, perubahan-perubahan terhadap tadbir urus memerlukan pekeliling ini dikaji semula agar ia terus kekal relevan. Justeru, Kerajaan telah mengkaji semula program Anugerah Inovasi Perkhidmatan Awam dan seterusnya memperkenalkan satu pekeliling baru iaitu Pekeliling Kemajuan Pentadbiran Awam Bilangan 1 Tahun 2006 bertajuk Garis Panduan Bagi Melaksanakan Anugerah Inovasi Perkhidmatan Awam (AIPA) untuk menggantikan Pekeliling Kemajuan Pentadbiran Awam Bilangan 3 Tahun 1991. Semua agensi Kerajaan adalah dikehendaki mengguna pekeliling ini sebagai panduan dan rujukan untuk tujuan penyertaan dalam Anugerah Inovasi Perkhidmatan Awam. Dengan berkuat kuasanya Pekeliling ini, Pekeliling Kemajuan Pentadbiran Awam Bilangan 3 Tahun 1991 bertajuk "Anugerah Inovasi Perkhidmatan Awam" bertarikh 1 April 1991 adalah dibatalkan.', 7, 3, 12, 101, 101115, 2, 13, '2017-03-28', '2006-PKPA 01-GARIS PANDUAN BAGI MELAKSANAKAN ANUGERAH INOVASI PERKHIDMATAN AWAM.pdf', 'srp_doc7.pdf', 3, '2017-03-28', '2006-05-19', '0000-00-00', '0000-00-00', 'Tiada data dimasukkan.', 'Tiada data dimasukkan.', '0000-00-00', 1, 1, 'Anugerah Inovasi, Perkhidmatan Awam, Panduan\r\n', NULL),
	(8, 1, 'Panduan Pengurusan Perhubungan Pelanggan', 1, 2008, 'Pekeliling ini adalah bertujuan untuk memberikan panduan bagi membantu jabatan/agensi Kerajaan untuk memperkemaskan Pengurusan Perhubungan Pelanggan supaya lebih responsif, cekap dan berkesan. Panduan ini mengadungi ciri-ciri kualiti perkhidmatan pelanggan dan aspek-aspek pengurusan perhubungan pelanggan. Pengurusan Perhubungan Pelanggan merupakan satu pendekatan menmyeluruh untuk menawarkan perkhidmatan yang dapat memenuhi kehendak dan kepuasan pelanggan melalui pengurusan interaksi dan perhubungan yang cekap antara jabatan/agensi dengan pelanggan. Ketua-ketua jabatan/agensi adalah diminta untuk memastikan kejayaan pelaksanaan pekeliling ini di jabatan/agensi masing-masing.', 4, 3, 19, 101, 101115, 2, 13, '2017-04-12', 'Surat PKPA Bil 1 Tahun 2008 Panduan Pengurusan Perhubungan Pelanggan.pdf', 'srp_doc8.pdf', 3, '2017-04-12', '2008-08-06', '0000-00-00', '0000-00-00', 'Tiada data dimasukkan.', 'Tiada data dimasukkan.', '0000-00-00', 1, 1, 'Perhubungan Pelanggan', 'Tiada data dimasukkan.'),
	(9, 1, 'Garis Panduan Bagi Mewujudkan Petunjuk-Petunjuk Prestasi Utama Atau Key Performance Indicators (KPI) Dan Melaksanakan Pengukuran Prestasi Di Agensi Kerajaan', 2, 2005, 'Pekeliling ini bertujuan untuk memberi penerangan dan panduan kepada Ketua Agensi mengenai strategi, pendekatan dan langkah-langkah bagi mewujudkan Petunjuk-Petunjuk Prestasi Utama atau Key Performance Indicators  (KPI) dan melaksanakan pengukuran prestasi di agensi masing-masing. Pekeliling ini bertujuan mewujudkan satu sistem pengukuran prestasi yang lebih teratur, lengkap dan menyeluruh. Garis panduan ini, antara lain, menerangkan perkara-perkara berikut: (a) Model Pengukuran Prestasi Agensi Kerajaan Berasaskan Proses; (b) Langkah-langkah mewujudkan KPI dan melaksanakan pengukuran prestasi di agensi Kerajaan; dan (c) Strategi bagi mewujudkan KPI dan melaksanakan pengukuran prestasi di agensi Kerajaan. PKPA ini hendaklah dilaksanakan sepenuhnya di agensi barisan hadapah khususnya agensi yang memberi perkhidmatan kaunter kepada orang ramai dan komuniti perdagangan dan perindustrian. Di samping itu, agensi-agensi selain agensi barisan hadapan juga digalakkan melaksanakan PKPA ini.', 7, 3, 11, 101, 101115, 2, 13, '2017-04-06', '2005-PKPA 02-Garis Panduan Bagi Mewujudkan Petunjuk-petunjuk Prestasi Utama Atau Key Performance Indicators (KPI).pdf', 'srp_doc9.pdf', 3, '2017-04-06', '2005-04-07', '0000-00-00', '0000-00-00', 'Tiada data dimasukkan.', 'Tiada data dimasukkan.', '0000-00-00', 1, 1, 'Perkhidmatan Awam, Pengukuran Prestasi, Garis Panduan\r\n', NULL),
	(10, 1, 'Garis Panduan Mengenai Tatacara Penggunaan Internet & Mel Elektronik Di Agensi-agensi Kerajaan', 1, 2003, 'Tujuan utama garis panduan ini ialah untuk menerangkan tatacara penggunaan internet dan e-mel, meningkatkan tahap keselamatan sistem komunikasi dokumen rasmi Kerajaan dan mengurangkan risiko gangguan operasi internet dan e-mel. Garis Panduan ini mengandungi amalan-amalan terbaik penggunaan internet dan mel elektronik yang patut diikuti oleh semua anggota Perkhidmatan Awam dan akan dikemas kini dari semasa ke semasa selaras dengan arus perkembangan teknologi maklumat dan komunikasi (ICT) dan perundangan. Dokumen ini hendaklah dibaca bersama dengan dokumen Malaysian Public Sector Management of Information & Communications Technology Security Handbook (MyMIS) dan Buku Arahan Keselamatan.', 7, 4, 15, 101, 101115, 2, 13, '2017-03-23', '2003-PKPA 01 -GARIS PANDUAN MENGENAI TATACARA PENGGUNAAN INTERNET DAN MEL ELEKTRONIK DI AGENSI-AGENSI KERAJAAN.pdf', 'srp_doc10.pdf', 3, '2017-03-23', '2003-11-28', '0000-00-00', '0000-00-00', 'Tiada data dimasukkan.', 'Tiada data dimasukkan.', '0000-00-00', 1, 1, 'GCERT, MyMIS, Mel Elektronik\r\n', NULL),
	(11, 1, 'Garis Panduan Semakan Semula Prosedur Dan Proses Kerja Di Agensi Kerajaan', 1, 2002, 'Pekeliling ini bertujuan untuk memberi satu garis panduan kepada Ketua-ketua Jabatan mengenai kaedah dan tindakan bagi melaksanakan semakan semula prosedur dan proses kerja di agensi masing-masing. Ketua-ketua Jabatan hendaklah memantau hasil semakan semula yang telah dijalankan dengan tujuan untuk melaksanakan secara berterusan penambahbaikan ke atas prosedur dan proses kerja yang diamalkan di agensi masing-masing. ', 7, 3, 11, 101, 101115, 2, 13, '2017-03-29', '2002-pkpa 01-Garis Panduan Semakan Semula Prosedur dan Proses Kerja di Agensi Kerajaan.pdf', 'srp_doc11.pdf', 3, '2017-03-29', '2002-06-03', '0000-00-00', '0000-00-00', 'Tiada data dimasukkan.', 'Tiada data dimasukkan.', '0000-00-00', 1, 1, 'Prosedur dan Proses,  Panduan,  Agensi Kerajaan\r\n', NULL),
	(12, 1, 'Garis Panduan Pelaksanaan Sistem Pemantauan Penguatkuasaan Undang-Undang Di Peringkat Pentadbiran Daerah', 1, 2001, 'Pekeliling ini bertujuan menjelaskan pelaksanaan sistem pemantauan penguatkuasaan undang-undang di peringkat pentadbiran daerah. Sistem Pemantauan Penguatkuasaan Undang-undang (SPPU) ini adalah bertujuan untuk mewujudkan satu mekanisme yang bersepadu bagi menangani masalah-masalah penguatkuasaan undang-undang di peringkat pentadbiran daerah. Di antara ciri-ciri utama SPPU ini adalah:\r\n(a) Mengenal pasti sebuah jawatankuasa yang sesuai sama ada dengan mewujudkan sebuah jawatankuasa baru ataupun menggunakan jawatankuasa yang sedia ada untuk memantau penguatkuasaan undang-undang; (b) Mesyuarat jawatankuasa berkenaan hendaklah dipengerusikan oleh Pegawai Daerah dengan keahliannya terdiri daripada semua agensi penguatkuasaan di\r\nperingkat daerah; dan (c) Bermesyuarat sekurang-kurangnya setiap tiga bulan sekali untuk agensi-agensi penguatkuasaan melaporkan kepada Pegawai Daerah mengenai pelanggaran undang-undang di daerah berkenaan untuk diselaraskan usaha yang memerlukan tindakan bersepadu. Seterusnya Pegawai Daerah akan melaporkan ke peringkat jawatankuasa negeri yang dipengerusikan oleh\r\nSetiausaha Kerajaan Negeri, sekiranya terdapat masalah yang tidak dapat diselesaikan di peringkat daerah. Adalah diharapkan bahawa menerusi pelaksanaan SPPU ini, maklumat mengenai pelanggaran undang-undang yang terkumpul dapat menjadi input kepada Pegawai Daerah dalam perancangan untuk pembangunan sosio-ekonomi yang lebih seimbang. Di samping itu, maklumat yang diperolehi dapat digunakan untuk perancangan dalam mengambil langkah-langkah pro aktif untuk menangani masalah pelanggaran undang-undang.', 7, 3, 19, 101, 101115, 2, 13, '2017-03-29', '2001-pkpa 01-Garis Panduan Pelaksanaan Sistem Pemantauan Penguatkuasaan Undang-undang di Peringkat Pentadbiran Daerah.pdf', 'srp_doc12.pdf', 3, '2017-03-29', '1997-08-01', '0000-00-00', '0000-00-00', 'Tiada data dimasukkan.', 'Tiada data dimasukkan.', '0000-00-00', 1, 1, 'Sistem Pemantauan, Garis Panduan, Undang - Undang\r\n', NULL),
	(13, 1, 'Garis Panduan Pelaksanaan Penandaarasan Dalam Perkhidmatan Awam', 1, 1999, 'Pekeliling ini bertujuan menyediakan panduan kepada Ketua-ketua Jabatan mengenai pelaksanaan penandaarasan dalam Perkhidmatan Awam. Penyediaan "Garis Panduan Pelaksanaan Penandaarasan Dalam Perkhidmatan Awam" adalah sesuai dijadikan rujukan oleh Ketua-ketua Jabatan dalam merancang dan menggerakkan pelaksanaan penandaarasan. Panduan ini menjelaskan tentang konsep\r\npenandaarasan dan cara pelaksanaannya. Ketua-ketua Jabatan adalah bertanggungjawab untuk melaksanakan penandaarasan dan kejayaan pelaksanaannya bergantung kepada inisiatif jabatan sendiri sebagai proses penambahbaikan secara berterusan. ', 7, 3, 12, 101, 101115, 2, 13, '2017-03-29', '1999-pkpa 01-Garis Panduan Pelaksanaan Penandaarasan Dalam Perkhidmatan Awam.pdf', 'srp_doc13.pdf', 3, '2017-03-29', '1999-07-15', '0000-00-00', '0000-00-00', 'Tiada data dimasukkan.', 'Tiada data dimasukkan.', '0000-00-00', 1, 1, 'Garis Panduan, Perkhidmatan Awam, Penandaarasan\r\n', NULL),
	(14, 1, 'Penggunaan Butiran Maklumat Di Dalam Borang Permohonan Dan Kriteria Tertentu Sebagai Asas Membuat Keputusan Ke Atas Permohonan', 1, 1995, 'Pekeliling ini adalah bertujuan menarik perhatian semua agensi-agensi Kerajaan supaya meneliti semula borang-borang permohonan yang digunakan sekarang ini bagi mempastikan bahawa maklumat-maklumat yang diminta di dalam borang permohonan berkenaan adalah relevan dan diperlukan untuk membuat keputusan ke atas permohonan.\r\nAgensi-agensi juga adalah diminta menyediakan kriteria bertulis dan senarai maklumat yang menyokong kriteria ini bagi dijadikan asas untuk melulus atau menolak sesuatu permohonan itu. Kerajaan telah memutuskan supaya setiap agensi hendaklah mempastikan bahawa\r\nproses menimbangkan sesuatu permohonan itu hendaklah merujuk kepada kriteria bertulis yang disokong dengan butiran maklumat yang relevan di dalam borang-borang permohonan. Dengan ini, agensi-agensi Kerajaan hendaklah mengambil tindakan-tindakan yang wajar, mengikut garis panduan ini.', 7, 3, 10, 101, 101115, 2, 13, '2017-04-03', '1995-pkpa 01-Penggunaan Butiran Maklumat Di dalam Borang Permohonan dan Kriteria Tertentu Sebagai Asas Membuat Keputusan Ke Atas Permohonan.pdf', 'srp_doc14.pdf', 3, '2017-04-03', '1995-03-21', '0000-00-00', '0000-00-00', 'Tiada data dimasukkan.', 'Tiada data dimasukkan.', '0000-00-00', 1, 1, 'Kriteria, Borang Permohonan, Senarai Semak\r\n', NULL),
	(15, 1, 'Panduan Mengenai Mesyuarat Pagi', 1, 1993, 'Pekeliling ini mengandungi garispanduan mengenai pelaksanaan Mesyuarat Pagi atau Morning Prayers di Kementerian, Jabatan Persekutuan, Kerajaan Negeri dan Pejabat Daerah. Matlamat Mesyuarat Pagi ini ialah bagi memupuk semangat mengutamakan\r\nkepentingan nasional daripada kepentingan jabatan. Tujuannya ialah untuk menyelesaikan secara On the spot masalah-masalah yang timbul mengenai pelaksanaan program dan projek pembangunan serta pengeluaran lesen dan permit. Cara ini dapat mengesan segala halangan dan membolehkan tindakan penyelesaian dilakukan dengan\r\nsegera. Ini akan dapat memantapkan proses pengesanan dan pengawasan yang berterusan untuk mempastikan projek-projek pembangunan berjalan mengikut jaduai. Di samping itu, permohonan untuk memperolehi lesen, permit dan lain-lain kelulusan dapat diberi\r\nperhatian yang sewajarnya di mana Mesyuarat Pagi ini merupakan satu forum setempat antara jabatan yang dapat membuat keputusan dengan kadar yang segera. Cara ini akan dapat mengelakkan berlakunya tunggakan kerja di kalangan jabatan yang terlibat. Seterusnya ia akan dapat mewujud dan memupuk penyelarasan di kalangan Jabatan-jabatan Kerajaan yang berkaitan supaya bergerak sehaluan untuk mencapai matlamat pembangunan negara. ', 7, 3, 10, 101, 101115, 3, 13, '2018-04-05', '1993-pkpa 01-Panduan Mengenai Mesyuarat Pagi.pdf', 'srp_doc15.pdf', 13, '2018-04-05', '1993-01-02', '2018-03-01', '0000-00-00', 'Tiada data dimasukkan.', 'Tiada data dimasukkan.', '0000-00-00', 1, 1, 'Garis Panduan, Mesyuarat Pagi, Peringkat Pentadbiran\r\n', 'Tiada data dimasukkan.'),
	(16, 1, 'Panduan Pengurusan Kualiti Menyeluruh (TQM) Bagi Perkhidmatan Awam', 1, 1992, 'Pekeliling ini bertujuan memberikan penerangan dan panduan kepada ketua Jabatan tentang konsep pengurusan kualiti menyeluruh dalam perkhidmatan awam. Penyediaan panduan "Pengurusan Kualiti Menyeluruh (TQM) Bagi Perkhidmatan Awam" ini adalah satu lagi usaha yang diambil oleh pihak Kerajaan bagi memantapkan lagi pengurusan kualiti dalam perkhidmatan awam. Panduan ini sesuai untuk dijadikan rujukan oleh Ketua-ketua Jabatan dalam merancang dan menggerakkan proses peningkatan kualiti di jabatan masing-masing. Panduan ini menggariskan beberapa prinsip pengurusan yang penting yang perlu di jadikan amalan oleh Ketua-ketua Jabatan supaya gerakan kualiti di jabatan mereka terus berkembang dan berjalan secara berterusan. Di samping itu pelaksanaan prinsip ini juga akan dapat mewujudkan satu persekitaran organisasi yang cukup baik bagi penghayatan budaya cemerlang, yang sememangnya menjadi matlamat jabatan-jabatan Kerajaan. Panduan Pengurusan Kualiti Menyeluruh (TQM) Bagi Perkhidmatan Awam ini menerangkan dua aspek utama berkaitan dengan TQM. Aspek-aspek ini ialah\r\n(a) Konsep TQM; dan (b) Prinsip-prinsip Yang Menyokong TQM. ', 7, 3, 12, 101, 101115, 2, 13, '2017-04-03', '1992- pkpa 01-Panduan Pengurusan Kualiti Menyeluruh (TQM) Bagi Perkhidmatan Awam.pdf', 'srp_doc16.pdf', 3, '2017-04-03', '1992-07-30', '0000-00-00', '0000-00-00', 'Tiada data dimasukkan.', 'Tiada data dimasukkan.', '0000-00-00', 1, 1, 'Pengurusan Kualiti, Perkhidmatan Awam, Sistem\r\n', NULL),
	(17, 1, 'Panduan Mengenai Tatacara Penggunaan Borang Tindakan Kerja', 11, 1991, 'Pekeliling ini adalah bertujuan untuk menyampaikan panduan mengenai tatacara penggunaan Borang Tindakan Kerja bagi membantu Jabatan-jabatan Kerajaan menggunakannya untuk meningkatkan keberkesanan pelaksanaan aktiviti. Setiap aktiviti yang dijalankan oleh jabatan Kerajaan mempunyai proses kerja masing-masing. Aktiviti tersebut perlu dikawal dan diselaraskan pelaksanaannya bagi memastikan setiap tindakan yang wajar untuk menguruskan aktiviti berkenaan dilakukan. Dengan mewujudkan sistem pengesanan kerja, akan dapat memastikan\r\naktiviti tersebut berjalan dengan teratur dan sistematik di samping membolehkan pihak pengurusan mengesan setiap peringkat pelaksanaan. Borang Tindakan Kerja akan digunakan bagi mengesan tindakan bagi setiap proses kerja dalam menguruskan sesuatu aktiviti oleh setiap jabatan/pejabat Kerajaan. Dengan adanya borang ini, akan membolehkan pihak pengurusan memperolehi maklumbalas dan\r\nmaklumat terkini mengenai perjalanan setiap tindakan bagi sesuatu aktiviti di bawah pengawasannya. Melalui Panduan ini, adalah diharapkan penggunaan Borang Tindakan Kerja dapat digunakan dengan berkesan oleh jabatan/pejabat Kerajaan bagi memastikan\r\naktiviti dapat dikawal pelaksanaannya supaya setiap langkah adalah sentiasa selaras dengan dasar dan peraturan masakini yang dapat menyumbang ke arah pencapaian matlamat jabatan/pejabat. ', 7, 3, 10, 101, 101115, 2, 13, '2017-04-03', '1991-pkpa 11-Panduan Mengenai Tatacara Penggunaan Borang Tindakan Kerja.pdf', 'srp_doc17.pdf', 3, '2017-04-03', '1991-07-01', '0000-00-00', '0000-00-00', 'Tiada data dimasukkan.', 'Tiada data dimasukkan.', '0000-00-00', 1, 1, 'Tindakan, Tatacara, Panduan\r\n', NULL),
	(18, 1, 'Panduan Mengenai Pelaksanaan Dasar Persyarikatan Malaysia', 9, 1991, 'Pekeliling ini mengandungi garis panduan mengenai pelaksanaan dasar\r\nPersyarikatan Malaysia di peringkat Kementerian, Jabatan Persekutuan, Kerajaan Negeri dan Pejabat Daerah, termasuk pihak-pihak berkuasa tempatan. Konsep Persyarikatan Malaysia adalah menekankan pentingnya kerjasama yang bermakna di antara perkhidmatan awam dan sektor swasta bagi tujuan memesatkan lagi pertumbuhan ekonomi dan pembangunan negara. Kejayaan sektor swasta yang membawa perkembangan dan peningkatan keuntungannya akan memastikan lebih banyak penghasilan pendapatan negara melalui pungutan pelbagai jenis cukai oleh Kerajaan. Adalah amat perlu bagi perkhidmatan awam mempastikan bahawa sektor swasta mencapai kejayaan. ', 7, 3, 19, 101, 101115, 2, 13, '2017-04-03', '1991-pkpa 09-Panduan Mengenai Pelaksanaan Dasar Persyarikatan Malaysia.pdf', 'srp_doc18.pdf', 3, '2017-04-03', '1991-07-01', '0000-00-00', '0000-00-00', 'Tiada data dimasukkan.', 'Tiada data dimasukkan.', '0000-00-00', 1, 1, 'Garis Panduan, Dasar, Persyarikatan\r\n', NULL),
	(19, 1, 'Panduan Mengenai Manual Prosedur Kerja Dan Fail Meja', 8, 1991, 'Pekeliling ini mengandungi panduan untuk Ketua-Ketua Jabatan berhubung dengan penyediaan Manual Prosedur Kerja dan Fail Meja bagi pegawai dan staf masing-masing. Manual Prosedur Kerja adalah sebuah dokumen rujukan bagi peringkat jabatan/pejabat, mengandungi fungsi dan objektif rasmi pejabat, prosedur-prosedur yang jelas serta pegawai dan staf yang bertanggungjawab bagi melaksanakan tiap-tiap aktiviti yang dipertanggungjawabkan. Dokumen ini adalah rujukan utama yang akan membantu jabatan/pejabat berfungsi dengan cekap dan berkesan. Keterangan mengenai fungsi dan objektif rasmi yang sejelas-jelasnya dan diketahui secara dekat dan terperinci oleh setiap\r\nanggota jabatan/pejabat akan membolehkan mereka melaksanakan tugas dengan lebih berkesan. Prosedur kerja yang terperinci serta penentuan tanggungjawab yang jelas pula akan juga membantu pegawai dan staf menjalankan tugas masing-masing dengan lebih\r\ncekap dan teratur. Fail Meja pula adalah dokumen rujukan bagi peringkat individu/ jawatan. Dokumen ini, antara lain, mengandungi carta jabatan/pejabat yang menunjukkan kedudukan individu dalam jabatan/pejabat berkenaan, objektif Jabatan dan Bahagian di mana\r\nindividu ini ditempatkan serta prosedur kerja yang terlibat dengan jawatan individu yang berkenaan. Apabila mereka jelas mengenai tuju arah jabatan/pejabat dan jelas juga mengenai peranan yang perlu dilaksanakan serta mempunyai garispanduan yang lengkap\r\nbagi menjalankan kerja, tugas mereka dapat dijalankan dengan cekap dan sempurna serta mengelakkan kelewatan dalam menyelesaikan sesuatu kerja. Manual Prosedur Kerja dan Fail Meja adalah alat pengurusan yang dapat menyumbang kepada peningkatan\r\nkecekapan serta keberkesanan jabatan/pejabat.', 7, 3, 10, 101, 101115, 2, 13, '2017-04-03', '1991-pkpa 08-Panduan Mengenai Manual Prosedur Kerja dan Fail Meja.pdf', 'srp_doc19.pdf', 3, '2017-04-03', '1991-07-01', '0000-00-00', '0000-00-00', 'Tiada data dimasukkan.', 'Tiada data dimasukkan.', '0000-00-00', 1, 1, 'Panduan, Prosedur, Carta\r\n', NULL),
	(20, 1, 'Panduan Mengenai Peningkatan Produktiviti Dalam Perkhidmatan Awam', 6, 1991, 'Pekeliling ini mengandungi panduan untuk kegunaan Ketua-ketua Jabatan tentang pelaksanaan usaha-usaha peningkatan produktiviti di jabatan/pejabat masing-masing. Semua jabatan/pejabat Kerajaan hendaklah sentiasa mempertingkatkan produktiviti di semua peringkat. Ini adalah kerana dengan mewujudkan jabatan/pejabat yang produktif,\r\nperkhidmatan awam akan dapat mempertingkatkan tahap perkhidmatannya kepada orang ramai. Selain itu melalui peningkatan produktiviti, jabatan/pejabat juga akan dapat mengoptimumkan penggunaan sumber serta menjimatkan kos operasi. Panduan Mengenai Peningkatan Produktiviti Dalam Perkhidmatan Awam ini\r\nmenerangkan tiga aspek utama dalam pengurusan produktiviti. Aspek-aspek ini ialah: (a) Konsep produktiviti; (b) Cara-cara meningkatkan produktiviti; dan (c) Pengukuran produktiviti. Adalah diharapkan bahawa dengan menggunakan panduan ini jabatan/pejabat Kerajaan akan\r\ndapat merancang dan melaksanakan usaha-usaha yang berkesan bagi meningkatkan produktiviti masing-masing dan perkhidmatan awam pada keseluruhannya.', 7, 3, 11, 101, 101115, 2, 13, '2017-04-03', '1991-pkpa 06-Panduan Mengenai Peningkatan Produktiviti Dalam Perkhidmatan Awam.pdf', 'srp_doc20.pdf', 3, '2017-04-03', '1991-07-01', '0000-00-00', '0000-00-00', 'Tiada data dimasukkan.', 'Tiada data dimasukkan.', '0000-00-00', 1, 1, 'Panduan, Produktiviti, Perkhidmatan Awam\r\n', NULL),
	(21, 1, 'Garis Panduan Mengenai Strategi-Strategi Peningkatan Kualiti Dalam Perkhidmatan Awam', 4, 1991, 'Pekeliling ini adalah bertujuan untuk membantu Ketua-ketua Jabatan bagi melaksanakan strategi-strategi peningkatan kualiti dalam pengurusan di agensi masing-masing. Tujuan Panduan ini adalah untuk membantu Ketua-ketua Agensi Kerajaan merancang dan melaksanakan tujuh program tambahan peningkatan kualiti dalam pengurusan kualiti di agensi masing-masing. Panduan ini menggariskan 2 perkara utama iaitu: (i) Gerakan Budaya Kerja Cemerlang dan aktiviti-aktiviti peningkatan kualiti yang telah dan sedang dilaksanakan; dan (ii) Tujuh program tambahan bagi peningkatan kualiti. ', 7, 3, 12, 101, 101115, 2, 13, '2017-04-03', '1991-pkpa 04-Garis Panduan mengenai Strategi-Strategi Peningkatan Kualiti Dalam Perkhidmatan Awam.pdf', 'srp_doc21.pdf', 3, '2017-04-03', '1991-04-01', '0000-00-00', '0000-00-00', 'Tiada data dimasukkan.', 'Tiada data dimasukkan.', '0000-00-00', 1, 1, 'Kualiti, Pengurusan, Strategi - Strategi\r\n', NULL),
	(22, 1, 'Panduan Pengurusan Mesyuarat Dan Urusan Jawatankuasa-Jawatankuasa Kerajaan', 2, 1991, 'Pekeliling ini adalah bertujuan untuk menyampaikan panduan untuk membantu pihak pengurusan dan urusetia jawatankuasa- jawatankuasa Kerajaan menjalankan tanggungjawab mereka dengan lebih cekap dan berkesan. Panduan Pengurusan Mesyuarat dan Urusan Jawatankuasa-jawatankuasa Kerajaan ini adalah dikeluarkan untuk menetapkan tindakan-tindakan dan norma-norma kerja yang harus dilaksanakan bagi menentukan bahawa pengurusan mesyuarat dan urusan\r\njawatankuasa-jawatankuasa Kerajaan adalah dikendalikan dengan jayanya. ', 7, 3, 10, 101, 101115, 3, 13, '2018-04-05', '1991-pkpa 02-Panduan Pengurusan Mesyuarat dan Urusan Jawatankuasa-Jawatankuasa Kerajaan.pdf', 'srp_doc22.pdf', 13, '2018-04-05', '1991-04-01', '2018-03-01', '0000-00-00', 'Tiada data dimasukkan.', 'Tiada data dimasukkan.', '0000-00-00', 1, 1, 'Panduan, Pengurusan, Mesyuarat\r\n', 'Tiada data dimasukkan.'),
	(23, 1, 'Panduan Pelaksanaan Program Turun Padang Sektor Awam', 1, 2015, 'Surat Pekeliling Kemajuan Pentadbiran Awam (SPKPA) ini bertujuan menyediakan panduan kepada agensi kerajaan bagi memastikan kesiapsiagaan agensi terjamin dalam menyampaikan perkhidmatan yang melangkaui ekspektasi rakyat melalui pelaksanaan Program\r\nTurun Padang bagi menyokong gagasan Merakyatkan Perkhidmatan Awam. SPKPA ini menerangkan mengenai tatacara dan panduan Program Turun Padang bagi membantu agensi kerajaan melaksanakan aktiviti turun padang secara strategik dan sistematik mengikut kesesuaian dan keupayaan masing-masing. Melalui SPKPA ini, agensi kerajaan diharapkan dapat merangka Program Turun Padang\r\nmasing-masing ke arah transformasi perkhidmatan awam sebagai sebuah institusi yang kukuh dan berupaya menyelami denyut nadi rakyat. Ini adalah penting bagi memastikan agensi dapat menyampaikan perkhidmatan yang mampu mengatasi jangkaan dan ekspektasi rakyat, sekaligus melonjakkan prestasi penyampaian perkhidmatan awam negara ke tahap yang lebih gemilang.', 8, 2, 5, 101, 101115, 2, 13, '2017-04-03', '2015-SPKPA 01- Panduan Pelaksanaan Program Turun Padang.pdf', 'srp_doc23.pdf', 3, '2017-04-03', '2015-05-14', '0000-00-00', '0000-00-00', 'Tiada data dimasukkan.', 'Tiada data dimasukkan.', '0000-00-00', 1, 1, 'Panduan, Turun Padang, Perkhidmatan Awam\r\n', NULL),
	(24, 1, 'Panduan Mengenai Perlantikan Pakarunding Swasta MS ISO 9000 Oleh Agensi Kerajaan', 2, 1997, 'Surat Pekeliling ini bertujuan memberikan penjelasan lebih lanjut mengenai langkah-langkah pelaksanaan MS ISO 9000 di Agensi-agensi Kerajaan yang terkandung dalam Bahagian V - Cara Melaksanakan ISO 9000, Pekeliling Kemajuan Pentadbiran Awam Bilangan 2 Tahun 1996 berkaitan dengan Panduan Mengenai Perlantikan Pakarunding Swasta Dalam Pelaksanaan MS ISO 9000 Oleh Agensi Kerajaan. Kerajaan telah membuat keputusan supaya MS ISO 9000 dilaksanakan di seluruh jentera pentadbiran Kerajaan. Pada 11 Julai 1996, Pekeliling Kemajuan Pentadbiran Awam Bilangan 2 Tahun 1996 - Garis Panduan Bagi Melaksanakan MS ISO 9000 Dalam Perkhidmatan Awam telah dilancarkan. Panduan ini menerangkan mengenai kaedah yang perlu diikuti oleh agensi-agensi Kerajaan yang memerlukan khidmat pakarunding swasta bagi melaksanakan MS ISO 9000 di agensi masing-masing. Adalah diharapkan dengan pengeluaran oanduan ini, hasrat Kerajaan untuk melaksanakan MS ISO 9000 di semua agensi Kerajaan pada tahun 2000 akan dapat dicapai.', 8, 3, 10, 101, 101115, 2, 13, '2017-04-03', '1997-SPKPA 02-Panduan Mengenai Perlantikan Pakarunding Swasta MS ISO 9000 Oleh Agensi Kerajaan.pdf', 'srp_doc24.pdf', 3, '2017-04-03', '1997-01-02', '0000-00-00', '0000-00-00', 'Tiada data dimasukkan.', 'Tiada data dimasukkan.', '0000-00-00', 1, 1, 'Pakarunding Swasta, MS ISO 9000', NULL),
	(25, 1, 'Pelaksanaan Data Terbuka Sektor Awam', 1, 2015, 'Pekeliling ini bertujuan untuk menyediakan garis panduan dalam pelaksanaan data terbuka agensi sektor awam bagi menggalakkan perkongsian data, meningkatkan sistem penyampaian perkhidmatan kerajaan dengan lebih mudah, cepat dan telus serta menggalakkan pertumbuhan ekonomi negara. Data terbuka ialah data yang boleh digunakan secara bebas, boleh dikongsikan dan digunakan semula oleh rakyat, agensi kerajaan dan swasta untuk pelbagai tujuan.  Pelaksanaan data terbuka kerajaan dapat meningkatkan ketelusan penyampaian perkhidmatan kerajaan menerusi perkongsian data yang tepat, cepat dan relevan di samping meningkatkan produktiviti ekonomi digital negara melalui industri atau inovasi baharu dengan penglibatan rakyat dan komuniti perniagaan.  Ia juga meletakkan Malaysia setaraf dengan negara lain dalam inisiatif kerajaan digital. Pekeliling ini telah dibangunkan berdasarkan kepada amalan terbaik data terbuka yang dilaksanakan oleh negara-negara luar dan dinilai oleh badan antarabangsa melalui penilaian barometer oleh World Wide Web Foundation serta maklum balas yang diterima daripada agensi sektor awam.', 5, 4, 16, 101, 101115, 2, 13, '2017-04-12', '2015 - Pelaksanaan Data Terbuka Sektor Awam.pdf', 'srp_doc25.pdf', 3, '2017-04-12', '2015-09-30', '0000-00-00', '0000-00-00', 'Tiada data dimasukkan.', 'Tiada data dimasukkan.', '0000-00-00', 1, 1, 'CCI, NKEA, DTSA\r\n', NULL),
	(26, 1, 'Pelaksanaan Kumpulan Wang Amanah Pembangunan Projek ICT Sektor Awam (KWAICT)', 3, 2014, 'Pekeliling ini bertujuan untuk menjelaskan tentang pengurusan Kumpulan Wang Amanah Pembangunan Projek ICT Sektor Awam (KWAICT). Kerajaan telah menubuhkan KWAICT pada 13 Jun 2013 di bawah Seksyen 10 Akta Tatacara Kewangan 1957 melalui Surat Ikatan Amanah bagi Kumpulan Wang Amanah Pembangunan Projek ICT Sektor Awam. Penubuhan KWAICT ini bertujuan untuk menggalakkan pembangunan projek ICT menggunakan kepakaran dalaman dan memberikan ganjaran kepada pasukan projek yang berjaya menjimatkan kos bagi Kerajaan. KWAICT ini juga bertujuan untuk meningkatkan kepakaran dalaman melalui pembiayaan Program Peningkatan Kompetensi dan Profesionalisme Pegawai Skim Perkhidmatan Teknologi Maklumat Sektor Awam. Bagi menggalakkan lebih banyak penghasilan produk ICT tempatan, KWAICT juga menyediakan pembiayaan Program R&D ICT Sektor Awam. Antara contoh produk ICT tempatan termasuklah aplikasi, perkakasan berasaskan perisian, kaedah, rangka kerja dan model yang dibangunkan atau dihasilkan.', 5, 4, 14, 101, 101115, 3, 13, '2017-11-17', '2014-PA 03-Pelaksanaan Kumpulan Wang Amanah Pembangunan Projek ICT Sektor Awam (KWAICT).pdf', 'srp_doc26.pdf', 13, '2017-11-17', '2014-09-02', '2017-11-15', '0000-00-00', 'Tiada data dimasukkan.', 'Tiada data dimasukkan.', '0000-00-00', 1, 1, 'KWAICT, PTM, R&D ICT\r\n', 'Tiada data dimasukkan.'),
	(27, 1, 'Sistem Kod Aset Tak Alih (SKATA)', 3, 2012, 'Pekeliling ini bertujuan untuk menjelaskan pelaksanaan penggunaan Sistem Kod Aset Tak Alih Kerajaan (SKATA) yang merupakan dokumen sokongan kepada Manual Pengurusan Aset Menyeluruh Kerajaan (MPAM) dan Tatacara Pengurusan Aset Tak Alih (TPATA). Sistem kod aset adalah salah satu aspek penting dalam proses pengurusan data dan maklumat aset kerajaan. Amalan semasa dalam penyediaan kod aset kerajaan adalah tidak seragam dan bergantung kepada praktis agensi masing-masing. Ketidakseragaman kod antara agensi mengakibatkan penyelarasan pengurusan aset kerajaan gagal dilaksanakan secara berkesan. Pekeliling ini terpakai kepada semua Kementerian/Jabatan/Agensi Kerajaan Persekutuan. Pekeliling ini terpakai kepada semua Perkhidmatan Negeri, Badan Berkanun Persekutuan dan Negeri serta Pihak Berkuasa Tempatan tertakluk kepada penerimaan dan pengubahsuaian sewajarnya oleh pihak-pihak berkuasa tempatan.', 12, 3, 19, 101, 101115, 2, 13, '2017-04-03', '2012-PA 03 - Sistem Kod Aset Tak Alih.pdf', 'srp_doc27.pdf', 3, '2017-04-03', '2012-06-21', '0000-00-00', '0000-00-00', 'Tiada data dimasukkan.', 'Tiada data dimasukkan.', '0000-00-00', 1, 1, 'Sistem Kod Aset, Pengurusan, Dokumen\r\n', NULL),
	(28, 1, 'Tatacara Pengurusan Aset Tak Alih Kerajaan', 2, 2012, 'Pekelliling ini bertujuan untuk menjelaskan Tatacara Pengurusan Aset Tak Alih (TPATA) Kerajaan yang merupakan kesinambungan daripada Dasar Pengurusan Aset Kerajaan (DPAK) dan Pekeliling Am Bilangan 1 Tahun 2009 : Manual Pengurusan Aset Menyeluruh Kerajaan (MPAM). TPATA telah disediakan bersama-sama dengan pekeliling ini sebagai rujukan dan panduan kepada Kementerian/Jabatan/Agensi di dalam menguruskan aset tak alih masing-masing. Pada dasarnya, TPATA menjelaskan kaedah mengurus aset tak alih di keseluruhan fasa kitaran hayat aset bermula dari perancangan sehingga pelupusan aset. Walaua bagaimanapun, pada masa ini fokus tatacara ini tertumpu kepada fasa penggunaan dan pelupusan aset sahaja, manakala TPATA bagi fasa perancangan dan pewujudan akan disusuli kemudian. Pekeliling ini terpakai kepada semua Kementerian/Jabatan/Agensi Kerajaan Persekutuan. Pekeliling ini terpakai kepada semua Perkhidmatan Negeri, Badan Berkanun Persekutuan dan Negeri serta Pihak Berkuasa Tempatan tertakluk kepada penerimaan dan pengubahsuaian sewajarnya oleh pihak-pihak berkuasa berkenaan.', 5, 3, 19, 101, 101115, 2, 13, '2017-04-12', '2012-PA 02 -Tatacara Pengurusan Aset Tak Alih Kerajaan.pdf', 'srp_doc28.pdf', 3, '2017-04-12', '2012-06-21', '0000-00-00', '0000-00-00', 'Tiada data dimasukkan.', 'Tiada data dimasukkan.', '0000-00-00', 1, 1, 'Tatacara, Aset Tak Alih, Pengurusan\r\n', NULL),
	(29, 1, 'Pemansuhan Keperluan Pengesahan Yang Tiada Nilai Tambah Pada Borang Rasmi Kerajaan Dan Salinan Dokumen Sokongan', 1, 2012, 'Pekeliling Am ini bertujuan untuk memaklumkan agensi-agensi Kerajaan mengenai keputusan Kerajaan  memansuhkan keperluan pengesahan yang tidak merupakan kehendak undang-undang dan tidak mempunyai nilai tambah pada borang rasmi Kerajaan dan salinan dokumen sokongan, serta tindakan-tindakan susulan yang perlu diambil untuk melaksanakan keputusan tersebut. ', 5, 3, 19, 101, 101115, 2, 13, '2017-04-12', '2012- PA 01-Pemansuhan Keperluan Pengesahan Yang Tiada Nilai Tambah Pada Borang Rasmi Kerajaan Dan Salinan Dokumen Sokongan.pdf', 'srp_doc29.pdf', 3, '2017-04-12', '2012-03-02', '0000-00-00', '0000-00-00', 'Tiada data dimasukkan.', 'Tiada data dimasukkan.', '0000-00-00', 1, 1, 'Pengesahan, Borang Rasmi, Dokumen Sokongan\r\n', NULL),
	(30, 1, 'Manual Pengurusan Aset Menyeluruh Kerajaan', 1, 2009, 'Tujuan pekeliling ini adalah untuk memberi panduan dalam pengurusan aset kerajaan secara pendekatan Pengurusan Aset Menyeluruh (PAM). Kerajaan memandang serius terhadap beberapa isu pengurusan dan penyenggaraan aset awam yang menjejaskan reputasi kerajaan dalam memberi perkhidmatan berkualiti kepada rakyat. Manual Pengurusan Aset Menyeluruh (MPAM) telah disediakan untuk dijadikan panduan oleh semua Kementerian/Jabatan dalam melaksanakan Pengurusan Aset Menyeluruh. Jabatan Kerja Raya Malaysia dipertanggungjawabkan sebagai badan tadbir urus kepada pelaksanaan Dasar Pengurusan Aset Kerajaan (DPAK) dan MPAM. Pelaksanaan MPAM dan tatacara yang berkaitan hendaklah dilaksanakan oleh semua Kementerian/Jabatan. Semua Pegawai Pengawal hendaklah memastikan setiap Kementerian/Jabatan di bawah kawalannya menguruskan aset kerajaan mengikut pekeliling ini melainkan jika terdapat arahan lain yang dikeluarkan oleh Kerajaan.', 5, 3, 19, 101, 101115, 2, 13, '2017-04-12', 'Pekeliling Am Bil 1 Tahun 2009 - MPAM.pdf', 'srp_doc30.pdf', 3, '2017-04-12', '2009-03-27', '0000-00-00', '0000-00-00', 'Tiada data dimasukkan.', 'Tiada data dimasukkan.', '0000-00-00', 1, 1, 'Pengurusan Aset, Aset Menyeluruh Kerajaan', 'Tiada data dimasukkan.'),
	(31, 1, 'Pengukuhan Tadbir Urus Jawatankuasa IT Dan Internet Kerajaan', 2, 2006, 'Pekeliling Am ini bertujuan untuk menerangkan mengenai pengukuhan tadbir urus Jawatankuasa IT dan Internet Kerajaan (JITIK) dan jawatankuasa-jawatankuasa kecil di bawahnya. Mesyuarat JITIK Bilangan 1 Tahun 2006 yang telah diadakan pada 8 Mei 2006 telah memutuskan agar struktur tadbir urus JITIK dikaji semula dengan mengambil kira peranan Jawatankuasa Pemandu Kerajaan Elektronik (EGSC). Sehubungan ini, MAMPU telah menjalankan kajian tadbir urus JITIK dan jawatankuasa-jawatankuasa di bawahnya bagi mempertingkatkan keberkesanannya. Hasil dari kajian tersebut, struktur tadbir urus JITIK telah diperkukuhkan dengan beberapa pembaharuan dari segi bidang rujukan dan keahlian. Struktur baru tadbir urus JITIK merangkumi jawatankuasa-jawatankuasa berikut (1) Jawatankuasa IT dan Internet Kerajaan (JITIK); (2) Jawatankuasa Kerja JITIK (JKJ); (3) Jawatankuasa Penyelarasan Kerajaan Elektronik (EGCOM); (4) Jawatankuasa Teknikal ICT (JTICT); dan (5) Jawatankuasa Latihan ICT (JLICT).', 5, 4, 14, 101, 101115, 2, 13, '2017-04-12', '2006-pa 02-Pengukuhan Tadbir Urus Jawatankuasa IT Dan Internet Kerajaan.pdf', 'srp_doc31.pdf', 3, '2017-04-12', '2006-11-13', '0000-00-00', '0000-00-00', 'Tiada data dimasukkan.', 'Tiada data dimasukkan.', '0000-00-00', 1, 1, 'JTIT, IT, JITIK\r\n', NULL),
	(32, 1, 'Penggunaan Dan Pemakaian Data Dictionary Sektor Awam (DDSA) Sebagai Standard Di Agensi-Agensi Kerajaan', 2, 2002, 'Pekeliling ini bertujuan untuk menjelaskan penggunaan Data Dictionary Sektor Awam (DDSA) sebagai standard di semua agensi kerajaan serta menerangkan tindakan yang perlu diambil oleh agensi-agensi kerajaan dalam melaksanakannya. Jawatankuasa Data Dictionary Sektor Awam telah ditubuhkan pada 6 Ogos 1999. Jawatankuasa ini dipengerusikan oleh MAMPU dan dianggotai oleh agensi-agensi kerajaan yang berkaitan. Tujuh kumpulan kerja telah ditubuhkan untuk membangunkan data dictionary bagi setiap kategori data yang dikenalpasti. Kumpulan-kumpulan kerja ini juga dianggotai oleh agensi-agensi kerajaan yang berkaitan dengan kategori data dictionary yang dibangunkan. Data dictionary yang telah dibangunkan oleh kumpulan-kumpulan kerja ini telah diluluskan untuk pelaksanaan di semua agensi kerajaan oleh Mesyuarat Jawatankuasa IT dan Internet Kerajaan (JITIK) Bil.1 Tahun 2001 pada 17 Mei 2001 bagi kategori Data Generik dan pada 4 Mac 2002 bagi kategori Data Spesifik. Semua Ketua Jabatan adalah diminta untuk mengambil tindakan-tindakan seperti yang digariskan di dalam pekeliling ini.', 5, 4, 14, 101, 101115, 2, 13, '2017-04-12', 'Pekeliling Am Bil_ 2 Tahun 2002.pdf', 'srp_doc32.pdf', 3, '2017-04-12', '2002-09-02', '0000-00-00', '0000-00-00', 'Tiada data dimasukkan.', 'Tiada data dimasukkan.', '0000-00-00', 1, 1, 'DDSA, Penggunaan dan Pemakaian, Dictionary', 'Tiada data dimasukkan.'),
	(33, 1, 'Mekanisme Pelaporan Insiden Keselamatan Teknologi Maklumat dan Komunikasi (ICT)', 1, 2001, 'Pekeliling ini bertujuan untuk menjelaskan mekanisme pelaporan insiden keselamatan teknologi maklumat dan komunikasi (ICT) bagi sektor awam. Rangka Dasar Keselamatan Teknologi Maklumat dan Komunikasi Kerajaan yang dikeluarkan pada 1 Oktober 2000 melalui Pekeliling Am Bil. 3 Tahun 2000 telah merumuskan keperluan penguatkuasaan, kawalan dan langkah-langkah yang menyeluruh untuk melindungi aset ICT kerajaan bagi menjamin kesinambungan urusan kerajaan dengan meminimumkan kesan insiden keselamatan. Dengan itu satu mekanisme perlu diwujudkan untuk memantau perkara ini dan menentukan semua agensi sektor awam mematuhi dasar dan tatacara keselamatan ICT dan pada masa yang sama meningkatkan kesedaran mengenai keselamatan ICT di sektor awam. Laporan mengenai insiden keselamatan ini adalah penting kepada GCERT (Government Computer Emergency Response Team di MAMPU) untuk mendapat maklumat bagi membolehkannya menyediakan bantuan teknikal kepada agensi-agensi yang terlibat. Maklumat yang terkumpul juga boleh dijadikan panduan dalam menangani insiden yang sama yang berlaku di lokasi-lokasi yang lain. Ia juga boleh digunakan sebagai panduan bagi mengelak daripada kejadian yang sama berulang. Semua laporan yang diterima oleh GCERT akan dikumpulkan dalam pangkalan data dan maklumat ini merupakan input penting kepada perancangan strategik dan pemantauan mengenai keselamatan ICT di sektor awam. Dalam proses menyelesaikan sesuatu masalah, GCERT akan bekerjasama rapat dengan agensi terlibat dan pihak-pihak lain yang berkaitan. Interaksi seperti ini akan dapat meningkatkan pengetahuan di samping memupuk kerjasama dan hubungan baik di antara agensi. ', 5, 4, 15, 101, 101115, 2, 13, '2017-04-12', '2001-PA 01-Mekanisme Pelaporan Insiden Keselamatan Teknologi Maklumat Dan Komunikasi (ICT).pdf', 'srp_doc33.pdf', 3, '2017-04-12', '2001-04-04', '0000-00-00', '0000-00-00', 'Tiada data dimasukkan.', 'Tiada data dimasukkan.', '0000-00-00', 1, 1, 'MyCERT, ICT, GCERT\r\n', NULL),
	(34, 1, 'Rangka Dasar Keselamatan Teknologi Maklumat dan Komunikasi Kerajaan', 3, 2000, 'Dasar Keselamatan ICT MAMPU diwujudkan untuk menjamin kesinambungan urusan MAMPU dengan meminimumkan kesan insiden keselamatan ICT. Dasar ini juga bertujuan untuk memudahkan perkongsian maklumat sesuai dengan keperluan operasi MAMPU. Ini hanya boleh dicapai dengan memastikan semua aset ICT dilindungi. Dasar Keselamatan ICT MAMPU merangkumi perlindungan ke atas semua bentuk maklumat elektronik bertujuan untuk menjamin keselamatan maklumat tersebut dan kebolehsediaan kepada semua pengguna yang dibenarkan. Ciri-ciri utama keselamatan maklumat adalah (a) Kerahsiaan (b) Integriti (c) Tidak Boleh Disangkal (d) Kesahihan dan (e) Ketersediaan. Selain dari itu, langkah-langkah ke arah menjamin keselamatan ICT hendaklah bersandarkan kepada penilaian yang bersesuaian dengan perubahan semasa terhadap kelemahan semula jadi aset ICT; ancaman yang wujud akibat daripada kelemahan tersebut; risiko yang mungkin timbul; dan langkah-langkah pencegahan sesuai yang boleh diambil untuk menangani risiko berkenaan. ', 5, 4, 15, 101, 101115, 2, 13, '2017-04-12', '2000-PA 03-Rangka Dasar Keselamatan Teknologi Maklumat dan Komunikasi Kerajaan.pdf', 'srp_doc34.pdf', 3, '2017-04-12', '2000-10-01', '0000-00-00', '0000-00-00', 'Tiada data dimasukkan.', 'Tiada data dimasukkan.', '0000-00-00', 1, 1, 'Dasar, Tindakan,  ICT\r\n', NULL),
	(35, 1, 'Pelaksanaan Perkongsian Pintar Antara Agensi-Agensi Kerajaan Dalam Bidang Teknologi Maklumat', 6, 1999, 'Pekeliling ini bertujuan menyediakan garis panduan bagi pelaksanaan perkongsian pintar antara agensi-agensi kerajaan dalam bidang pembangunan teknologi maklumat (IT) dan tindakan yang perlu diambil oleh agensi-agensi kerajaan. Perkongsian pintar merangkumi perkongsian antara pihak-pihak berikut (a) Antara agensi-agensi kerajaan di peringkat persekutuan, negeri dan kerajaan tempatan; (b) Di kalangan agensi-agensi persekutuan, negeri dan kerajaan tempatan; dan (c) Antara sektor awam dengan sektor swasta.', 5, 4, 6, 101, 101115, 2, 13, '2017-04-12', '1999-PA 06-Pelaksanaan Perkongsian Pintar Antara Agensi-Agensi Kerajaan Dalam Bidang Teknologi Maklumat.pdf', 'srp_doc35.pdf', 3, '2017-04-12', '1999-12-15', '0000-00-00', '0000-00-00', 'Tiada data dimasukkan.', 'Tiada data dimasukkan.', '0000-00-00', 1, 1, 'IT, JITIK, RAPP, Perkongsian Pintar\r\n', NULL),
	(36, 1, 'Garis Panduan Permohonan Kelulusan Teknikal Dan Pemantauan Projek Teknologi Maklumat Dan Komunikasi (ICT) Agensi Sektor Awam', 3, 2015, 'Surat Pekeliling Am ini bertujuan untuk menyediakan panduan bagi agensi Sektor Awam memohon kelulusan teknikal projek Teknologi Maklumat dan Komunikasi (ICT) daripada Jawatankuasa Teknikal ICT Sektor Awam (JTISA) yang berurus setia di Unit Pemodenan Tadbiran dan Perancangan Pengurusan Malaysia (MAMPU), Jabatan Perdana Menteri (JPM) serta memantau kemajuan pembangunan dan pelaksanaan projek ICT.', 6, 4, 14, 101, 101115, 2, 13, '2017-03-31', '2015 -SPA 03 - Permohonan Kelulusan Teknikal Projek ICT.pdf', 'srp_doc36.pdf', 3, '2017-03-31', '2015-11-11', '0000-00-00', '0000-00-00', 'Tiada data dimasukkan.', 'Tiada data dimasukkan.', '0000-00-00', 1, 1, 'Panduan, ICT, JTISA\r\n', NULL),
	(37, 1, 'Penyeragaman Format Kepala Surat Bagi Kementerian/Jabatan/Agensi Persekutuan', 1, 2013, 'Surat Pekeliling Am ini bertujuan menetapkan format dan reka bentuk kepala surat yang seragam untuk digunakan oleh Kementerian/Jabatan/ Agensi Persekutuan.Dengan berkuatkuasanya Surat Pekeliling Am ini, maka Surat Pekeliling Am Bilangan 8 Tahun 1980 adalah dibatalkan.', 6, 3, 19, 101, 101115, 2, 13, '2017-03-31', '2013-SPA 01-PENYERAGAMAN FORMAT KEPALA SURAT BAGI KEMENTERIAN JABATAN AGENSI PERSEKUTUAN.pdf', 'srp_doc37.pdf', 3, '2017-03-31', '2013-02-13', '0000-00-00', '0000-00-00', 'Tiada data dimasukkan.', 'Tiada data dimasukkan.', '0000-00-00', 1, 1, 'Kepala Surat, Format, Reka Bentuk\r\n', NULL),
	(38, 1, 'Tindakan Tatatertib Terhadap Penjawat Awam Yang Membuat Kenyataan Menyentuh Sensitiviti Kaum Dan Agama', 3, 2010, 'Surat Pekeliling Am ini bertujuan untuk memaklumkan kepada agensi-agensi Kerajaan bagi mengambil tindakan segera dan tegas terhadap penjawat-penjawat awam yang mengeluarkan kenyataan-kenyataan yang menyentuh sensitiviti kaum dan agama sehingga menjejaskan perpaduan kaum. Semua agensi Kerajaan adalah dikehendaki mengambil tindakan serta merta lagi tegas ke atas mana-mana anggota agensi masing-masing yang mengeluarkan kenyataan yang menyentuh sensitiviti kaum dan agama, berdasarkan Peraturan-peratuan Pegawai Awam (Kelakuan dan Tatatertib) 1993.', 6, 3, 19, 101, 101115, 2, 13, '2017-04-06', '2010-SPA 03-TINDAKAN TATATERTIB TERHADAP PENJAWAT AWAM YANG MEMBUAT KENYATAAN MENYENTUH SENSITIVITI KAUM DAN AGAMA.pdf', 'srp_doc38.pdf', 3, '2017-04-06', '2010-10-01', '0000-00-00', '0000-00-00', 'Tiada data dimasukkan.', 'Tiada data dimasukkan.', '0000-00-00', 1, 1, 'Penjawat - Penjawat awam, Perpaduan, Tatatertib\r\n', NULL),
	(39, 1, 'Garis Panduan Penilaian Tahap Keselamatan Rangkaian Dan Sistem ICT Sektor Awam', 3, 2009, 'Surat Pekeliling Am ini bertujuan untuk menjelaskan pelaksanaan Penilaian Tahap Keselamatan Rangkaian dan Sistem ICT (Penilaian Tahap Keselamatan ICT) yang perlu diberikan perhatian dan diambil tindakan oleh agensi-agensi Kerajaan. ', 6, 4, 15, 101, 101115, 2, 13, '2017-03-27', '2009-SPA 03-Garis Panduan Penilaian Tahap Keselamatan Rangkaian Dan Sistem ICT Sektor Awam.pdf', 'srp_doc39.pdf', 3, '2017-03-27', '2009-11-17', '0000-00-00', '0000-00-00', 'Tiada data dimasukkan.', 'Tiada data dimasukkan.', '0000-00-00', 1, 1, 'Garis Panduan, ICT, Tindakan\r\n', NULL),
	(40, 1, 'Pengurusan Pengendalian Insiden Keselamatan Teknologi Maklumat Dan Komunikasi (ICT) Sektor Awam', 4, 2006, 'Tujuan garis panduan ini ialah untuk membantu Computer Emergency Response Team (CERT) Agensi di dalam mengurus pengendalian insiden keselamatan ICT di agensi masing-masing dan agensi di bawah kawalannya. Surat Pekeliling Am Bilangan 4 Tahun 2006 : Pengurusan Pengendalian Insiden Keselamatan ICT Sektor Awam menggariskan keperluan menguruskan pengendalian insiden keselamatan ICT sektor awam dengan segera dan sistematik supaya kejadian insiden keselamatan ICT di agensi sektor awam dapat dikurangkan, kesannya diminimumkan dan penyebarannya ke agensi lain dibendung. Insiden keselamatan ICT bermaksud musibah (adverse event) yang berlaku ke atas aset ICT atau ancaman kemungkinan berlaku kejadian tersebut. Ia mungkin suatu perbuatan yang melanggar dasar keselamatan ICT samada yang ditetapkan secara tersurat atau tersirat. ', 6, 4, 15, 101, 101115, 2, 13, '2017-04-06', '2006-SPA 04-Pengurusan Pengendalian Insiden Keselamatan Teknologi Maklumat (ICT) Sektor Awam.pdf', 'srp_doc40.pdf', 3, '2017-04-06', '2006-11-09', '0000-00-00', '0000-00-00', 'Tiada data dimasukkan.', 'Tiada data dimasukkan.', '0000-00-00', 1, 1, 'ICT, Sektor Awam, Pengurusan\r\n', NULL),
	(41, 1, 'Garis Panduan Penilaian Risiko Keselamatan Maklumat Sektor Awam', 6, 2005, 'Garis panduan ini bertujuan untuk memaklumkan kepentingan dan cara melaksanakan penilaian risiko keselamatan maklumat di sektor awam. Garis Panduan Penilaian Risiko Keselamatan Maklumat Sektor Awam ini menyediakan kaedah-kaedah dan teknik-teknik dalam proses penilaian risiko maklumat supaya proses penilaian dapat dilaksanakan dengan sistematik dan berkesan.', 6, 4, 15, 101, 101115, 2, 13, '2017-03-23', '2005-SPA 06-Garis Panduan Penilaian Risiko Keselamatan Maklumat Sektor Awam.pdf', 'srp_doc41.pdf', 3, '2017-03-23', '2005-11-07', '0000-00-00', '0000-00-00', 'Tiada data dimasukkan.', 'Tiada data dimasukkan.', '0000-00-00', 1, 1, 'Garis Panduan, Penilaian, Sektor Awam\r\n', NULL),
	(42, 1, 'Penggunaan Sistem Perakam Waktu Elektronik Di Agensi-agensi Kerajaan (Tambahan SPA Bil.11 Tahun 1981)', 1, 2004, 'Surat Pekeliling ini bertujuan untuk menyediakan garis panduan mengenai penggunaan Sistem Perakam Waktu Elektronik oleh agensi-agensi Kerajaan. Surat Pekeliling Am Bil. 11 Tahun 1981 telah menjelaskan kepentingan dan cara penggunaan Sistem Perakam Waktu. Selaras dengan perkembangan teknologi masa kini, Sistem Perakam Waktu Elektronik menawarkan alternatif yang lebih baik bagi merakam kehadiran dan pergerakan pegawai dan kakitangan di pejabat. Sehubungan itu, agensi Kerajaan adalah dibenarkan mengguna Sistem Perakam Waktu Elektronik bagi maksud tersebut. Agensi-agensi Kerajaan yang ingin menggunakan Sistem Perakam Waktu Elektronik hendaklah memastikan bahawa Sistem Perakam Waktu Elektronik yang dipilih mempunyai ciri-ciri seperti yang dihuraikan di Lampiran kepada surat Pekeliling ini. Surat Pekeliling Am Bil. 1 Tahun 2004 ini hendaklah dibaca bersama-sama dengan Surat Pekeliling Am Bil. 11 Tahun 1981 bertarikh 25 November 1981. Dengan itu, agensi-agensi Kerajaan boleh memilih untuk menggunakan Sistem Perakam Waktu Elektronik atau terus menggunakan sistem perakam waktu seperti yang dinyatakan dalam Surat Pekeliling Am Bil. 11 Tahun 1981. ', 6, 3, 19, 101, 101115, 2, 13, '2017-04-06', '2004-SPA 01 -Tambahan bagi Surat Pekeliling Am Bil. 11 Tahun 1981-Penggunaan Sistem Perakam Waktu Elektronik Di Agensi-agensi Kerajaan.pdf', 'srp_doc42.pdf', 3, '2017-04-06', '2004-02-24', '0000-00-00', '0000-00-00', 'Tiada data dimasukkan.', 'Tiada data dimasukkan.', '0000-00-00', 1, 1, 'Garis Panduan, Sistem Perakam Waktu Elektronik, Agensi Kerajaan\r\n', NULL),
	(43, 1, 'Penyediaan Laporan Ringkasan Kedudukan Kewangan Dan Prestasi Tahunan Badan-Badan Berkanun Persekutuan', 1, 1995, 'Surat Pekeliling Am ini adalah bertujuan membantu badan-badan berkanun Persekutuan menyediakan Laporan Ringkas Kedudukan Kewangan dan Prestasi Tahunan untuk dibentang dalam mesyuarat Jemaah Menteri selepas berakhirnya sesuatu tahun kewangan. Kerajaan telah memutuskan bahawa setiap badan berkanun mengambil langkahlangkah meningkatkan sistem perakaunannya agar dapat merekodkan setiap transaksi kewangan dan menutup akaun pada tiap-tiap hari. Dengan berbuat demikian, akaun badan berkanun dapat sentiasa dikemaskini dan laporan-laporan kewangan dapat disediakan bila-bila masa diperlukan. Ketua Eksekutif Badan Berkanun Persekutuan hendaklah mengemukakan Laporan Ringkas Kedudukan Kewangan dan Prestasi Tahunan kepada Kementeriannya dalam\r\ntempoh tiga minggu berakhirnya tahun kewangan. Ketua Setiausaha Kementerian berkenaan hendaklah menyediakan Nota Jemaah\r\nmenteri dan mengemukakannya bersama-sama laporan-laporan ringkasan untuk setiap badan berkanun di bawah kawalan Kementerian kepada Bahagian Kabinet, Jabatan Perdana Menteri sebelum 31 Januari setiap tahun. ', 6, 3, 19, 101, 101115, 2, 13, '2017-03-30', '1995-SPA 01 -PENYEDIAAN LAPORAN RINGKASAN KEDUDUKAN KEWANGAN DAN PRESTASI TAHUNAN BADAN-BADAN BERKANUN PERSEKUTUAN.pdf', 'srp_doc43.pdf', 3, '2017-03-30', '1995-03-21', '0000-00-00', '0000-00-00', 'Tiada data dimasukkan.', 'Tiada data dimasukkan.', '0000-00-00', 1, 1, 'Laporan, Kewangan, Mesyuarat\r\n', NULL),
	(44, 1, 'Pengurusan Penyelenggaraan - Pewujudan Sistem Penyelenggaraan Yang Dirancang', 2, 1995, 'Surat Pekeliling ini bertujuan menarik perhatian semua agensi Kerajaan supaya memberi penekanan untuk memantapkan sistem pengurusan penyelenggaraan dalam perkhidmatan, Adalah menjadi hasrat Kerajaan bahawa pengurusan penyelenggaraan perlu dijalankan dengan cekap dan berkesan bukan sahaja untuk memelihara aset Kerajaan dan keselamatan manusia tetapi juga untuk mengelakkan daripada\r\nberlakunya insiden-insiden yang tidak diingini. Pengurusan penyelenggaraan yang cekap dan berkesan akan membawa manfaat\r\nkepada agensi.', 6, 3, 19, 101, 101115, 2, 13, '2017-03-30', '1995-SPA 02 -PENGURUSAN PENYELENGGARAAN - PEWUJUDAN SISTEM PENYELENGGARAAN YANG DIRANCANG.pdf', 'srp_doc44.pdf', 3, '2017-03-30', '1995-03-21', '0000-00-00', '0000-00-00', 'Tiada data dimasukkan.', 'Tiada data dimasukkan.', '0000-00-00', 1, 1, 'Penyelenggaran, Pengurusan, Agensi - Agensi Kerajaan\r\n', NULL),
	(45, 1, 'Peraturan Penggunaan Mesin Faksimili Di Pejabat-Pejabat Kerajaan', 1, 1993, 'Tujuan Surat Pekeliling ini adalah untuk memaklumkan mengenai peraturan-peraturan yang perlu diikuti semasa menghantar dan menerima dokumen melalui mesin faksimili. Dengan adanya peraturan ini diharap semua peraturan mengenai keselamatan dokumen seperti mana yang dikandungkan dalam Arahan Keselamatan dipatuhi dan keseragaman dalam penghantaran dan penerimaan dokumen-dokumen rasmi Kerajaan melalui mesin faksimili dapat dicapai.', 6, 3, 19, 101, 101115, 2, 13, '2017-03-30', '1993-SPA 01-Peraturan Penggunaan mesin Faksimili di Pejabat-Pejabat Kerajaan.pdf', 'srp_doc45.pdf', 3, '2017-03-30', '1993-01-16', '0000-00-00', '0000-00-00', 'Tiada data dimasukkan.', 'Tiada data dimasukkan.', '0000-00-00', 1, 1, 'Mesin Faksimili, Pejabat-pejabat Kerajaan', NULL),
	(46, 1, 'Garis Panduan Mengenai Penglibatan Agensi Dan Pegawai Awam Dalam Persidangan/Seminar/Forum/Bengkel/Latihan Anjuran Sektor Swasta', 2, 1993, 'Surat Pekeliling ini mengandungi garis panduan mengenai penglibatan agensi dan pegawai awam dalam persidangan, seminar, forum atau bengkel latihan anjuran sektor swasta. Bagi mengawasi penglibatan agensi dan pegawai awam dalam persidangan/seminar/forum/ bengkel latihan anjuran sektor swasta garis panduan ini hendaklah dipatuhi.', 6, 3, 19, 101, 101115, 2, 13, '2017-04-06', '1993-SPA 02--GARIS PANDUAN MENGENAI PENGLIBATAN AGENSI DAN PEGAWAI DALAM PERSIDANGANSEMINARFORMBENGKEL LATIHAN ANJURAN SWASTA.pdf', 'srp_doc46.pdf', 3, '2017-04-06', '1993-02-05', '0000-00-00', '0000-00-00', 'Tiada data dimasukkan.', 'Tiada data dimasukkan.', '0000-00-00', 1, 1, 'Garis Panduan, Penglibatan Agensi, Bengkel Latihan\r\n', NULL),
	(47, 1, 'Garis Panduan Mengenai Penglibatan Agensi Dan Pegawai Awam Dalam Aktiviti Sukan Anjuran Agensi Awam/Sektor Swasta', 3, 1993, 'Surat Pekeliling ini mengandungi garis panduan mengenai penglibatan agensi dan pegawai awam dalam aktiviti-aktiviti sukan anjuran agensi awam atau sektor swasta. Untuk membantu agensi dan pegawai awam mengelakkan sebarang masalah dari penglibatan mereka dalam aktiviti sukan yang dianjurkan oleh agensi itu sendiri atau pihak swasta, garis panduan berikut hendaklah dipatuhi.', 6, 3, 10, 101, 101115, 2, 13, '2017-03-30', '1993-SPA 03 -GARIS PANDUAN MENGENAI PENGLIBATAN AGENSI DAN PEGAWAI AWAM DALAM AKTIVITI SUKAN ANJURAN AGENSI AWAMSEKTOR SWASTA.pdf', 'srp_doc47.pdf', 3, '2017-03-30', '1993-02-05', '0000-00-00', '0000-00-00', 'Tiada data dimasukkan.', 'Tiada data dimasukkan.', '0000-00-00', 1, 1, 'Garis Panduan, Sukan, Penglibatan Agensi \r\n', NULL),
	(48, 1, 'Menghadiri Persidangan/Kursus/Lawatan Rasmi/Lawatan Persendirian Ke Luar Negeri', 1, 1984, 'Surat Pekeliling ini memaklumkan bahawa mulai dari tarikh surat pekeliling dikeluarkan, peraturan-peraturan berikut hendaklah diikuti oleh semua pegawai Kerajaan, pegawai dari Badan-Badan Berkanun dan Kuasa-Kuasa Tempatan apabila mereka hendak keluar negeri.', 6, 3, 19, 101, 101115, 2, 13, '2017-03-30', '1984-SPA 01-MENGHADIRI PERSIDANGANKURSUSLAWATAN RASMILAWATAN PERSENDIRIAN KE LUAR NEGERI.pdf', 'srp_doc48.pdf', 3, '2017-03-30', '1984-03-01', '0000-00-00', '0000-00-00', 'Tiada data dimasukkan.', 'Tiada data dimasukkan.', '0000-00-00', 1, 1, 'Peraturan, Luar Negeri, Pengawai Kerajaan\r\n', NULL),
	(49, 1, 'Pejabat Pelan Terbuka', 14, 1982, 'Panduan ini dikeluarkan untuk memberi penerangan dan gambaran secara am tentang konsep Pejabat Pelan Terbuka. Penerangan-penerangan di dalam buku ini diharap akan memberi faedah kepada Kementerian atau Jabatan-Jabatan Kerajaan yang hendak menggunakan sistem \'Pejabat Pelan Terbuka\' (PPT). Sistem PPT ialah satu konsep pembaharuan terutama di kalangan perkhidmatan awam di negara kita. Ia bertujuan untuk mengganti konsep ruang pejabat \'tradisional\' yang biasa diamalkan oleh pejabat-pejabat kerajaan sekarang. Sistem PPT ini disyorkan memandangkan ujudnya beberapa masalah yang dialami oleh Pejabat-Pejabat Kerajaan kerana kekurangan ruang pejabat. Ini meliputi masalah susunan tempat kerja yang tidak teratur dan tidak mengikut aliran kerja yang kemas, ujudnya suasana kerja yang tidak selesa dan mungkin mengurangkan motivasi kerja yang akhirnya merugikan negara dan rakyat dan cara bekerja yang agak kelam kabut dan merendahkan hasil kerja serta mutunya.', 6, 3, 10, 101, 101115, 2, 13, '2017-04-06', '1982-SPA 14-Pelaksanaan Pejabat Pelan Terbuka.pdf', 'srp_doc49.pdf', 3, '2017-04-06', '1982-04-01', '0000-00-00', '0000-00-00', 'Tiada data dimasukkan.', 'Tiada data dimasukkan.', '0000-00-00', 1, 1, 'Pejabat, Pelan, Penerangan\r\n', NULL),
	(50, 1, 'Sistem Penggunaan Kad Perakam Waktu (Punch Card) Di Pejabat-Pejabat Kerajaan', 11, 1981, 'Pekeliling ini memaklumkan bahawa Kerajaan telah memutuskan supaya semua pejabat dan agensi Kerajaan di peringkat Persekutuan menggunakan kad perakam waktu untuk mengawal waktu pegawai-pegawai dan kakitangan kerajaan datang dan pulang dari pejabat. Tujuannya ialah untuk menjamin supaya mereka menjalankan tugas dengan dedikasi dan tekun selama tidak kurang dari jumlah waktu pejabat yang ditetapkan oleh Kerajaan bagi mereka. Keputusan ini perlu dilaksanakan di semua pejabat dan agensi Kerajaan Persekutua. Badan-badan Berkanun dan Kerajaan-Kerajaan Negeri juga adalah\r\ndiminta untuk turut melaksanakan sistem ini supaya terdapat keselarasan pengawalan selama peringkat Kerajaan di negara ini. ', 6, 3, 19, 101, 101115, 2, 13, '2017-03-29', '1981-SPA 11 -Sistem Penggunaan Kad Perakam Waktu (Punch Card) Di Pejabat-pejabat Kerajaan.pdf', 'srp_doc50.pdf', 3, '2017-03-29', '1981-11-25', '0000-00-00', '0000-00-00', 'Tiada data dimasukkan.', 'Tiada data dimasukkan.', '0000-00-00', 1, 1, 'Pejabat, Kad Perakam Waktu, Kakitangan Kerajaan\r\n', NULL),
	(51, 1, 'Pelaksanaan Penilaian Risiko Keselamatan Maklumat Menggunakan MyRam App. 2.0 Di Agensi Sektor Awam', 3, 2015, 'Surat Arahan ini memaklumkan Kerajaan telah mengeluarkan Pekeliling Am Bilangan 3 Tahun 2000 - Rangka Dasar Keselamatan Teknologi Maklumat dan Komunikasi Kerajaan bertarikh 1 Oktober 2000, antara lain menerangkan tugas dan tanggung jawab Ketua Jabatan untuk melaksanakan aktiviti penilaian risiko keselamatan maklumat. Bagi memudahkan penilaian risiko melalui kaedah MyRAM, MAMPU telah membangunkan MyRAM App. pada tahun 2010. Aplikasi ini dipertingkatkan kepada MyRAM App. 2.0 pada tahun 2015 dengan mengikut perubahan dan keperluan amalan baik standard sistem pengurusan keselamatan maklumat terkini. Semua Ketua Jabatan dimohon untuk mengambil tindakan menggunakan MyRAM App. 2.0 di Jabatan masing-masing sekurang-kurangnya sekali dalam setahun agar Jabatan memperoleh gambaran mengenai tahap keselamatan maklumat dan seterusnya mengambil langkah-langkah menmgurang atau mengawal risiko.', 11, 4, 6, 101, 101115, 2, 13, '2017-04-17', '2015 - Surat Arahan KP Pelaksanaan Penilaian Risiko Menggunakan MyRAM.pdf', 'srp_doc51.pdf', 3, '2017-04-17', '2015-08-12', '0000-00-00', '0000-00-00', 'Tiada data dimasukkan.', 'Tiada data dimasukkan.', '0000-00-00', 1, 1, 'MyRAM App.2.0', NULL),
	(52, 1, 'Pelan Strategik ICT Sektor Awam Malaysia : Memperkasa Transformasi Digital Sektor Awam 2011-2015', 1, 2011, 'Dokumen ini menerangkan tujuan dan hala tuju strategik ICT Sektor Awam ke arah penggunaan ICT yang meluas dalam penyampaian perkhidmatan yang berfokuskan rakyat (citizen-centric) dengan pendekatan keseluruhan Kerajaan (Whole-of-Government). Pelan Strategik ICT Sektor Awam Malaysia (2011  2015) ini menyediakan satu pelan tindakan ataupun blueprint yang akan mempercepatkan pembangunan dan penggunaan ICT secara inovatif sebagai persediaan menghadapi perubahan di dalam landskap perkhidmatan Sektor Awam. Pelan ini juga menerangkan tujuan dan hala tuju strategik penggunaan ICT secara meluas dalam menyampaikan perkhidmatan yang berfokuskan rakyat dengan pendekatan Keseluruhan Kerajaan. Ia bertujuan untuk memanfaatkan sepenuhnya potensi ICT dengan memberi tumpuan kepada inovasi, nilai untuk wang dan pengoptimuman sumber.', 4, 4, 14, 101, 101115, 2, 13, '2017-04-06', '2011-GP-Pelan Strategik ICT (ISP) Sektor Awam (2011-2015).pdf', 'srp_doc52.pdf', 3, '2017-04-06', '2011-07-07', '0000-00-00', '0000-00-00', 'Tiada data dimasukkan.', 'Tiada data dimasukkan.', '0000-00-00', 1, 1, 'ISP, Channel, Gateway\r\n', NULL),
	(53, 1, 'Garis Panduan Permohonan Perkhidmatan EG*Net (v1)', 3, 2010, 'Garis panduan ini bertujuan untuk membantu agensi pelaksana Aplikasi Kerajaan Elektronik (Electronic Government - EG) dan agensi-agensi Kerajaan membuat permohonan perkhidmatan EG*Net daripada MAMPU.\r\n', 4, 4, 15, 101, 101115, 2, 13, '2017-04-17', '2010-GP-Garis Panduan Permohonan Perkhidmatan EGNet (v1).pdf', 'srp_doc53.pdf', 3, '2017-04-17', '2010-10-26', '0000-00-00', '0000-00-00', 'Tiada data dimasukkan.', 'Tiada data dimasukkan.', '0000-00-00', 1, 1, 'EG*NET, EG, IT\r\n', NULL),
	(54, 1, 'Panduan Mengenai Kumpulan Inovatif Dan Kreatif (KIK)', 2, 2009, 'Pekeliling ini mengandungi panduan mengenai pelaksanaan Kumpulan\r\nMeningkat Mutu Kerja (KMK) dalam Perkhidmatan Awam. Dengan pelancaran Gerakan Budaya Kerja Cemerlang pada tahun 1989, Kerajaan adalah menitikberatkan peranan yang dimainkan oleh pihak pengurusan dan juga kakitangan dalam usaha-usaha ke arah meningkatkan kualiti dalam jabatan-jabatan/pejabat-pejabat Kerajaan. Bagi tujuan ini, Kerajaan adalah menggalakkan penubuhan Pasukan-pasukan Kerja di peringkat pegawai atau KMK yang dianggotai oleh kakitangan di Kumpulan C dan D untuk menyelesaikan masalah-masalah di tempat kerja. Sumbangan kedua-dua pihak pengurusan dan juga KMK ke arah penyelesaian masalah dan seterusnya peningkatan produktiviti dan kualiti organisasi adalah penting dalam usaha Kerajaan untuk mewujudkan Pengurusan Kualiti Menyeluruh (Total Quality Management) di sektor awam. ', 4, 3, 10, 101, 101115, 3, 13, '2017-04-17', '2009-GP-GARIS PANDUAN MENGENAI KUMPULAN INOVATIF DAN KREATIF (KIK) (November 2009).pdf', 'srp_doc54.pdf', 3, '2017-04-17', '2009-11-01', '2016-08-30', '0000-00-00', 'Tiada data dimasukkan.', 'Tiada data dimasukkan.', '0000-00-00', 1, 1, 'Inovatif, Kreatif, KIK', NULL),
	(55, 1, 'The Malaysian Government Interoperability Framework For Open Source Software (MyGIFOSS)', 1, 2006, 'Dokumen ini menggariskan perincian cadangan hasil penyelidikan dan analisis yang dijalankan dalam membangunkan Rangka Kerja  Malaysian Government Interoperability Framework for Open Source Software (MyGIFOSS). Dokumen ini mengandungi maklumat mengenai open source software (OSS), open standards and technical specifications yang dicadangkan untuk digunapakai oleh Malaysia. MyGIFOSS ini menjadi pelengkap kepada Malaysian Government Interoperability Framework version 1.0 (MyGIF).', 4, 4, 6, 101, 101115, 2, 13, '2017-03-23', '2006-GP-The Malaysian Government Interoperability Framework For Open Source Software (MyGIFOSS).pdf', 'srp_doc55.pdf', 3, '2017-03-23', '2006-02-01', '0000-00-00', '0000-00-00', 'Tiada data dimasukkan.', 'Tiada data dimasukkan.', '0000-00-00', 1, 1, 'MyGIFOSS, MyGIF, OSS\r\n', NULL),
	(56, 1, 'Garis Panduan Penggunaan Biometrik Bagi Agensi-Agensi Sektor Awam', 1, 2004, 'Dokumen ini bertujuan memberi panduan kepada agensi-agensi Sektor Awam berkaitan penggunaan teknologi biometrik di agensi-agensi. Kumpulan sasaran bagi garis panduan ini adalah agensi-agensi Sektor Awam di Malaysia. Penggunaan teknologi biometrik mempunyai potensi yang besar dalam meningkatkan penyampaian perkhidmatan Sektor Awam terutamanya dari aspek keselamatan dan integriti. Agensi-agensi hendaklah merujuk kepada garis panduan ini apabila merancang untuk melaksanakan teknologi biometrik di agensi masing-masing. Garis Panduan Pengurusan Keselamatan ICT Sektor Awam Malaysia (MyMIS) perlu dirujuk dalam memastikan aspek keselamatan sistem bometrik di agensi dipenuhi.', 4, 4, 13, 101, 101115, 2, 13, '2017-04-17', '2004-GP-Garis Panduan Penggunaan Biometrik Bagi Agensi-Agensi Sektor Awam.pdf', 'srp_doc56.pdf', 3, '2017-04-17', '2004-01-01', '0000-00-00', '0000-00-00', 'Tiada data dimasukkan.', 'Tiada data dimasukkan.', '0000-00-00', 1, 1, 'ISO, Biometrik, MyMIS\r\n', NULL),
	(57, 1, 'Garis Panduan Pengurusan Keselamatan ICT Sektor Awam Malaysia (MyMIS)', 1, 2002, 'Buku panduan ini bertujuan memberi panduan kepada penjawat awam mengenai proses keselamatan ICT dalam sektor awam. Panduan adalah berdasarkan dua piawaian iaitu MS ISO/IEC 13335 (Bahagian 1 - 3) dan BS 7799 (Bahagian 1 dan 2).  Panduan juga merujuk kepada Canadian Handbook on Information Technology Security, German IT Baseline Protection Manual dan piawaian ISO lain yang berkaitan.  Buku ini menyediakan panduan mengenai pengurusan kawalan keselamatan ICT merangkumi elemen pengurusan kawalan, isu operasi dan teknikal  dan implikasi perundangan. Pengguna panduan boleh merujuk kepada templat dasar keselamatan, pelan strategik keselamatan, mekanisma pelaporan insiden, senarai semak dan prosedur pada lampiran apendiks dalam buku panduan.', 4, 4, 15, 101, 101115, 2, 13, '2017-04-17', '2002-GP-Garis Panduan Pengurusan Keselamatan ICT Sektor Awam Malaysia (MyMIS).pdf', 'srp_doc57.pdf', 3, '2017-04-17', '2002-01-15', '0000-00-00', '0000-00-00', 'Tiada data dimasukkan.', 'Tiada data dimasukkan.', '0000-00-00', 1, 1, 'MyMIS, PKI, TTP\r\n', NULL),
	(58, 1, 'Penamaan Ketua Pegawai Maklumat Sektor Awam', 1, 2000, 'Surat Arahan ini memaklumkan, Jawatankuasa IT dan Internet Kerajaan (JITIK) telah memutuskan bahawa adalah perlu bagi setiap agensi melantik Ketua Pegawai Maklumat (Chief Information Officer - CIO). Tanggungjawab utama CIO ialah menentukan strategi dan melaksanakan initiatif IT bagi mencapai visi dan objektif pembangunan dan penggunaan IT di agensi masing-masing. Ketua Jabatan adalah diminta untuk menamakan seorang CIO dari kalangan pegawai Gred 1 ke atas yang sedia ada dan mengemukakan nama tersebut kepada MAMPU.', 3, 4, 14, 101, 101115, 2, 13, '2017-03-24', '2000-SA KSN-Penamaan Ketua Pegawai Maklumat Sektor Awam.pdf', 'srp_doc58.pdf', 3, '2017-03-24', '2000-03-22', '0000-00-00', '0000-00-00', 'Tiada data dimasukkan.', 'Tiada data dimasukkan.', '0000-00-00', 1, 1, 'IT, Teknologi, CIO\r\n', NULL),
	(59, 1, 'Arahan Teknologi Maklumat', 2, 2007, 'Arahan Teknologi Maklumat (Information Technology [IT]) dalam konteks ini adalah sebagai garis panduan bertujuan memenuhi keperluan minimum bagi menyokong Akta Aktiviti Kerajaan Elektronik (Electronic Government Activities Act [EGAA]) 2007 dalam memudah cara transaksi elektronik. EGAA 2007 menyediakan rangka kerja undang-undang untuk pelaksanaan perkhidmatan Kerajaan elektronik yang efisien dan selamat. Tujuan Akta ini adalah untuk membolehkan dan memudah cara keseragaman urusan secara elektronik antara Kerajaan Persekutuan dengan orang awam. Akta ini terpakai apabila Agensi bersedia untuk menguruskan urusan elektronik dan tidak memberi sebarang tambahan hak undang-undang atau menukar sesuatu undang-undang secara substantif.', 2, 4, 14, 101, 101115, 2, 13, '2017-04-17', '2007-ARAHAN TEKNOLOGI MAKLUMAT [VERSI BM] (Disember 2007).pdf', 'srp_doc59.pdf', 3, '2017-04-17', '2007-12-19', '0000-00-00', '0000-00-00', 'Tiada data dimasukkan.', 'Tiada data dimasukkan.', '0000-00-00', 1, 1, 'IT, ERMS, EGAA\r\n', NULL),
	(60, 1, 'Standards, Policies and Guidelines - Malaysian Government Interoperability Framework (MyGIF) Version 1.0', 1, 2003, 'Dokumen ini menggariskan perincian cadangan hasil penyelidikan dan analisis yang dijalankan dalam membangunkan Rangka Kerja  Malaysian Government Interoperability Framework (MyGIF). Dokumen ini mengandungi maklumat piawaian ICT dan cadangan spesifikasi teknikal untuk digunakan dalam MyGIF. MyGIF ini menggariskan set piawaian ICT dan spesifikasi teknikal yang minima diperlukan dalam pentadbiran sistem komunikasi, saluran maklumat dan proses pertukaran data yang berkaitan kementerian, agensi dan jabatan. MyGIF merangkumi lima bidang interoperability iaitu Interconnection,  Data Integration, Information Access, Security dan Metadata.', 4, 4, 15, 101, 101115, 2, 13, '2017-04-17', '2003-GP-Standards, Policies and Guidelines - Malaysian Government Interoperability Framework (MyGIF) Version 1.0.pdf', 'srp_doc60.pdf', 3, '2017-04-17', '2003-08-17', '0000-00-00', '0000-00-00', 'Tiada data dimasukkan.', 'Tiada data dimasukkan.', '0000-00-00', 1, 1, 'MyGIF, MyMIS, EGIT\r\n', NULL),
	(61, 1, 'Pelaksanaan Sistem Perakaunan Standard Bagi Agensi Kerajaan Standard Accounting System For Government Agencies (SAGA)', 1, 2011, 'Pekeliling ini bertujuan memberi garis panduan pelaksanaan dan pemantauan Standard Accounting System for Government Agencies atau ringkasnya (SAGA) di agensi Kerajaan. SAGA adalah konsep sistem perakaunan berkomputer yang dibangunkan atau pakej perakaunan di pasaran yang diubah suai mengikut kriteria yang ditetapkan oleh Kerajaan dan memenuhi semua keperluan Prinsip Perakaunan Dterima Umum (Generally Accepted Accounting Principles) yang ditetapkan bagi laporan kewangan serta mendapat Sijil Pematuhan SAGA daripada Jabatan Akauntan Negara Malaysia (JANM). Dengan berkuatkuasanya pekeliling ini maka Pekeliling Kemajuan Pentadbiran Awam Bilangan 1 Tahun 2007 adalah terbatal.', 7, 4, 13, 101, 101115, 4, 13, '2017-03-28', '2011-PKPA 01-Pelaksanaan Sistem Perakaunan Standard Bagi Agensi Kerajaan Standard Accounting System For Government Agencies (SAGA).pdf', 'srp_doc61.pdf', 3, '2017-03-28', '2011-03-09', '0000-00-00', '0000-00-00', 'Tiada data dimasukkan.', 'Tiada data dimasukkan.', '2012-04-09', 101115, 103102, 'perakaunan, Berkomputer, SAGA', NULL),
	(62, 1, 'Amalan Terbaik Penggunaan Media Jaringan Sosial Di Sektor Awam', 1, 2011, 'Surat Arahan ini bertujuan untuk memaklumkan mengenai pematuhan dan pelaksanaan 20 Amalan Terbaik Dalam Penggunaan Jaringan Media Sosial Di Sektor Awam kepada pegawai bertanggungjawab mengendalikan laman web media sosial agensi, pengguna di agensi  dan pentadbir rangkaian sektor awam.', 11, 4, 14, 101, 101115, 2, 13, '2017-03-23', '2011-SAKP 0804-Amalan Terbaik Penggunaan Media Jaringan Sosial (Tarikh  8 April 2011).pdf', 'srp_doc62.pdf', 3, '2017-03-23', '2011-04-08', '0000-00-00', '0000-00-00', 'Tiada data dimasukkan.', 'Tiada data dimasukkan.', '0000-00-00', 1, 1, 'Media, Maklumat, Jaringan Sosial\r\n', NULL),
	(63, 1, 'Garis Panduan Penggunaan ICT Ke Arah ICT Hijau Dalam Perkhidmatan Awam', 7, 2010, 'Panduan ini bertujuan untuk memberi penjelasan mengenai amalan penggunaan peralatan ICT ke arah ICT Hijau bagi  menyokong Dasar Teknologi Hijau Negara dalam Perkhidmatan Awam. Terdapat tiga peringkat utama yang perlu di ambil kira dalam amalan ICT Hijau iaitu:\r\n(a) Peringkat Perolehan; (b) Peringkat Penggunaan Peralatan ICT; dan\r\n(c) Peringkat Pelupusan.', 11, 4, 13, 101, 101115, 2, 13, '2017-04-17', 'SAKP 2010 - Garis Panduan Penggunaan ICT Ke Arah ICT Hijau Dalam Perkhidmatan Awam.pdf', 'srp_doc63.pdf', 3, '2017-04-17', '2010-08-03', '0000-00-00', '0000-00-00', 'Tiada data dimasukkan.', 'Tiada data dimasukkan.', '0000-00-00', 1, 1, 'ICT Hijau, Teknologi Hijau\r\n', 'Tiada data dimasukkan.'),
	(64, 1, 'Pelaksanaan Nombor MyKad Sebagai MyID di Agensi Sektor Awam', 3, 2010, 'Surat Arahan ini memaklumkan, Mesyuarat Pasukan Petugas Antara Agensi Bagi Pembangunan Kandungan (ICON) Bil.1/2010 pada 22 Januari 2010 yang dipengerusikan oleh YBhg, Ketua Setiausaha Negara memutuskan supaya 630 perkhidmatan yang dikenal pasti BELUM melaksanakan penggunaan nombor MyKad sebagai nombor rujukan tunggal iaitu MyID di pelbagai agensi Kerajaan, melaksanakannya selewat-lewatnya pada 26 Februari 2010. Bagi memastikan pelaksanaan inisiatif MyID berjaya direalisasikan sepenuhnya, semua agensi Kerajaan perlu melaksanakan beberapa perkara seperti dinyatakan di dalam arahan tersebut bagi perkhidmatan yang berkaitan dengan warganegara sebagai individu. Bagi memastikan inisiatif MyID ini dilaksanakan dengan jayanya, MAMPU akan membuat pemantauan secara berterusan dan bersedia membantu dengan memberi khidmat nasihat kepada agensi Kerajaan yang memerlukannya. ', 11, 4, 6, 101, 101115, 2, 13, '2017-04-17', 'SAKP 2010 Pelaksanaan Nombor MyKAD Sebagai MyID Di Agensi Sektor Awam.pdf', 'srp_doc64.pdf', 3, '2017-04-17', '2010-01-25', '0000-00-00', '0000-00-00', 'Tiada data dimasukkan.', 'Tiada data dimasukkan.', '0000-00-00', 1, 1, 'Pelaksanaan, MyID, MyKad\r\n', 'Tiada data dimasukkan.'),
	(65, 1, 'Usaha-Usaha Memantapkan Amalan Senyum Dalam Penyampaian Perkhidmatan Sektor Awam', 10, 2010, 'Surat Arahan ini memohon kerjasama Ketua-ketua Jabatan untuk mengenal pasti serta melaksanakan strategi yang berkesan ke arah memperkemas sistem pengurusan perhubungan pelanggan khususnya dalam memantapkan amalan memberi perkhidmatan dengan senyuman.', 11, 3, 19, 101, 101115, 2, 13, '2017-04-17', '2010-SAKP 1712-USAHA-USAHA MEMANTAPKAN AMALAN SENYUM DALAM PENYAMPAIAN PERKHIDMATAN SEKTOR AWAM. (Tarikh  17 Disember 2010).pdf', 'srp_doc65.pdf', 3, '2017-04-17', '2010-12-17', '0000-00-00', '0000-00-00', 'Tiada data dimasukkan.', 'Tiada data dimasukkan.', '0000-00-00', 1, 1, 'Perkhidmatan Awam, Amalan, Rakyat\r\n', NULL),
	(66, 1, 'Pelaksanaan Pensijilan MS ISO/IEC 27001:2007 Dalam Sektor Awam', 8, 2010, 'Surat Arahan ini bertujuan untuk menjelaskan kaedah pelaksanaan dan pensijilan standard MS ISO/IEC 27001:2007 Pengurusan Sistem Keselamatan Maklumat (Information Security Management System - ISMS) di agensi-agensi Kerajaan. Ketua Jabatan hendaklah mengambil tindakan seperti yang digariskan di dalam surat arahan ini dan MAMPU akan menyediakan khidmat rundingan ISMS dalam lima bidang khusus iaitu penentuan skop ISMS agensi, pengubalan dasar keselamatan ICT agensi, melaksanakan penilaian risiko, penyediaan pelan penguraian risiko (Risk Treatment Plan) serta pernyataan pemakaian (Statement of Applicability).', 11, 4, 15, 101, 101115, 2, 13, '2017-04-17', '2010-SAKP 24nov10-PELAKSANAAN PENSIJILAN MS ISOIEC 270012007 DALAM SEKTOR AWAM.pdf', 'srp_doc66.pdf', 3, '2017-04-17', '2010-11-24', '0000-00-00', '0000-00-00', 'Tiada data dimasukkan.', 'Tiada data dimasukkan.', '0000-00-00', 1, 1, 'Perlaksanaan, Sektor Awam, ISMS\r\n', NULL),
	(67, 1, 'Panduan Keperluan Dan Persediaan Pelaksanaan Pensijilan MS ISO/IEC 27001:2007 Dalam Sektor Awam', 9, 2010, 'Panduan ini bertujuan untuk memberi kefahaman mengenai keperluan dan persediaan pensijilan dalam melaksanakan Pengurusan Sistem Keselamatan Maklumat (ISMS) berasaskan MS ISO/IEC 27001:2007 Information Technology- Security Techniques  Information Security Management Systems-Requirements yang dikeluarkan oleh Jabatan Standard Malaysia. Panduan ini menjelaskan tindakan yang perlu diambil oleh semua kementerian, jabatan dan agensi Kerajaan Malaysia supaya mencapai taraf MS ISO/IEC 27001:2007 Pengurusan Sistem Keselamatan Maklumat.', 11, 4, 15, 101, 101115, 2, 13, '2017-04-17', '2010 - SAKP panduan-PANDUAN KEPERLUAN DAN PERSEDIAAN PELAKSANAAN PENSIJILAN MS ISOIEC 270012007 DALAM SEKTOR AWAM.pdf', 'srp_doc67.pdf', 3, '2017-04-17', '2010-11-24', '0000-00-00', '0000-00-00', 'Tiada data dimasukkan.', 'Tiada data dimasukkan.', '0000-00-00', 1, 1, 'Sektor Awam, ISMS, Pensijilan, ISO, IEC\r\n', NULL),
	(68, 1, 'Pemantapan Penggunaan Dan Pengurusan E-Mel Di Agensi-Agensi Kerajaan', 6, 2010, 'Surat Arahan ini bertujuan untuk memantapkan dan memperkasa pengurusan dan penggunaan e-mel di kalangan penjawat awam. Mengandungi 40 langkah-langkah penggunaan dan pengendalian e-mel rasmi yang melibatkan pengguna (20 langkah), pentadbir e-mel (15 langkah), pentadbir rangkaian (3 langkah) dan Bahagian/Seksyen pengurusan maklumat (2 langkah) di agensi-agensi Kerajaan.', 11, 4, 15, 101, 101115, 2, 13, '2017-04-17', '2010-SA KP-Pemantapan Penggunaan Dan Pengurusan E-Mel Di Agensi-Agensi Kerajaan.pdf', 'srp_doc68.pdf', 3, '2017-04-17', '2010-07-01', '0000-00-00', '0000-00-00', 'Tiada data dimasukkan.', 'Tiada data dimasukkan.', '0000-00-00', 1, 1, 'Pengurusan, E - Mel, Agensi Kerajaan\r\n', NULL),
	(69, 1, 'Panduan Pelaksanaan Pengurusan Projek ICT Sektor Awam', 5, 2010, 'Surat Arahan ini bertujuan untuk memberi panduan mengenai pelaksanaan pengurusan projek ICT di agensi-agensi Sektor Awam. Panduan ini mengandungi perkara-perkara (1) Takrifan projek ICT, produk ICT, pengurusan projek ICT dan pemilik projek; dan (2) Panduan dalam pengurusan projek ICT meliputi pendekatan pelaksanaan projek ICT, komponen pengurusan projek ICT, peringkat pengurusan projek ICT dan pemantauan pelaksanaan projek ICT selaras dengan keputusan Mesyuarat Jawatankuasa IT dan Internet Kerajaan (JITIK) pada 20 November 2008.', 11, 4, 13, 101, 101115, 2, 13, '2017-04-17', '2010-SA KP-Panduan Pelaksanaan Pengurusan Projek ICT Sektor Awam.pdf', 'srp_doc69.pdf', 3, '2017-04-17', '2010-03-05', '0000-00-00', '0000-00-00', 'Tiada data dimasukkan.', 'Tiada data dimasukkan.', '0000-00-00', 1, 1, 'ICT, Projek, JITIK\r\n', NULL),
	(70, 1, 'Pelaksanaan Hari Inovasi Dan Usaha-Usaha Meningkatkan Budaya Inovasi Dalam Perkhidmatan Awam', 4, 2010, 'Surat Arahan ini menerangkan bahawa selaras dengan hasrat Kerajaan untuk menggalakkan amalan-amalan inovatif dan Kreatif, MAMPU telah menyediakan "Panduan Peningkatan Budaya Inovasi Dalam Perkhidmatan Awam" yang menerangkan tindakan-tindakan yang boleh diambil oleh Ketua-ketua Jabatan bagi menggalakkan budaya inovasi dan kreativiti secara menyeluruh. Unit Inovasi di setiap agensi Kerajaan boleh menggunakan panduan ini bagi menyusun strategi dan langkah yang bersesuaian ke arah pembentukan budaya inovasi serta penghasilan inovasi yang dapat meningkatkan lagi tahap penyampaian perkhidmatan kepada semua segmen pelanggan dan stakeholders.', 11, 3, 19, 101, 101115, 2, 13, '2017-04-17', '2010-SAKP 29Jan2010-PELAKSANAAN HARI INOVASI DAN USAHA-USAHA MENINGKATKAN BUDAYA INOVASI DALAM PERKHIDMATAN AWAM. (Tarikh  29 Januari 2010).pdf', 'srp_doc70.pdf', 3, '2017-04-17', '2010-01-29', '0000-00-00', '0000-00-00', 'Tiada data dimasukkan.', 'Tiada data dimasukkan.', '0000-00-00', 1, 1, 'Inovasi, Transformasi, Kreativiti\r\n', NULL),
	(71, 1, 'Garis Panduan Transisi Protokol Internet Versi 6 (IPV6) Sektor Awam', 1, 2010, 'Garis panduan ini bertujuan untuk menyediakan panduan serta rujukan bagi membantu agensi bagi melaksanakan proses transisi IPv6. Menerusi garis panduan ini, perancangan proses transisi dapat dibuat bagi mengenal pasti isu seperti peruntukan kewangan, keperluan transisi, impak keselamatan, risiko yang terlibat, teknik pelaksanaan dan isu-isu lain. Satu pelan transisi yang lengkap akan dapat memberikan maklumat bagi keseluruhan proses untuk mengurangkan kesilapan dan kelewatan semasa proses transisi.', 11, 4, 15, 101, 101115, 2, 13, '2017-04-17', '2010-SA KP-Garis Panduan Transisi Protokol Internet Versi 6 (IPV6) Sektor Awam.pdf', 'srp_doc71.pdf', 3, '2017-04-17', '2010-01-04', '0000-00-00', '0000-00-00', 'Tiada data dimasukkan.', 'Tiada data dimasukkan.', '0000-00-00', 1, 1, 'IPv4, IPv6, Global\r\n', NULL),
	(72, 1, 'Pembatalan Pemansuhan Pekeliling Kemajuan Pentadbiran Awam Bilangan 2 Tahun 2002: Garis Panduan Pemberian Anugerah Perkhidmatan Cemerlang Anggota Perkhidmatan Awam', 5, 2012, 'Surat Arahan ini memaklumkan dengan mengambil kira keputusan Kerajaan untuk mengekalkan Sistem Saraan Malaysia dengan penambahbaikan yang sewajarnya, maka semua urusan perkhidmatan termasuklah pemberian Anugerah Perkhidmatan Cemerlang akan menggunapakai ketetapan dan peraturan yang berkuatkuasa sebelum 1 Januari 2012. Selaras dengan keputusan tersebut, maka dengan ini Pekeliling Kemajuan Perkhidmatan Awam Bilangan 2 Tahun 2002 : "Garis Panduan Pemberian Anugerah Perkhidmatan Cemerlang Anggota Perkhidmatan Awam" dikuatkuasakan semula bagi membolehkan pelaksanaan Anugerah Perkhidmatan Cemerlang anggota perkhidmatan awam diteruskan pada tahun 2012. Sehubungan dengan itu, perkara 3.iii dalam surat Ketua Pengarah MAMPU, rujukan MAMPU.BPP.100-1/11 Jld.2 (20) bertarikh 30 Mac 2012 adalah dibatalkan.', 11, 3, 19, 101, 101115, 2, 13, '2017-04-17', '2012-SA KP-Pembatalan Pemansuhan PKPA 2 Tahun 2002 Garis Panduan Pemberian APC Anggota Perkhidmatan Awam.pdf', 'srp_doc72.pdf', 3, '2017-04-17', '2012-05-10', '0000-00-00', '0000-00-00', 'Tiada data dimasukkan.', 'Tiada data dimasukkan.', '0000-00-00', 1, 1, 'Semakan, Pekeliling, Garis Panduan\r\n', NULL),
	(73, 1, 'Pemansuhan PKPA Bilangan 5 Tahun 1991, PKPA Bilangan 2 Tahun 1992, PKPA Bilangan 2 Tahun 2002 dan SPKPA Bilangan 1 Tahun 2002', 1, 2012, 'Surat Arahan ini memaklumkan MAMPU telah menjalankan semakan  keatas pekeliling-pekeliling yang dikeluarkan oleh MAMPU selaras dengan keputusan Mesyuarat Ketua Setiausaha Kementerian dan Ketua Perkhidmatan pada 9 Mac 2011 dan Mesyuarat Jawatankuasa Pemandu Kajian Semula Pekeliling Perkhidmatan dan Surat Pekeliling Perkhidmatan pada 3 Jun 2011. Semakan ini dilaksanakan bagi memastikan semua pekeliling yang dikeluarkan oleh MAMPU adalah relevan dengan kehendak dan keperluan semasa. Mesyuarat Panel Pemantauan Penyampaian Perkhidmatan (Panel 3P) pada 21 Februari 2012 telah mempertimbangkan dan bersetuju supaya pekeliling-pekeliling berikut dimansuhkan: (i) Pekeliling Kemajuan Pentadbiran Awam Bilangan 2 Tahun 1992: "Garis Panduan Perancangan dan Penyediaan Projek Pembangunan"; (ii) Pekeliling Kemajuan Pentadbiran Awam Bilangan 5 Tahun 1991: "Panduan Mengenai Sistem Penjadualan Yang Bersepadu (SIAP)"; (iii) Pekeliling Kemajuan Pentadbiran Awam Bilangan 2 Tahun 2002: "Garis Panduan Pemberian Anugerah Perkhidmatan Cemerlang Anggota Perkhidmatan Awam"; dan (iv) Surat Pekeliling Kemajuan Pentadbiran Awam Bilangan 1 Tahun 2002: "Meningkatkan Keberkesanan Pengurusan Pengaduan Awam".', 11, 3, 10, 101, 101115, 2, 13, '2017-04-17', '2012-SAKP-Pemansuhan PKPA Bil. 2 Tahun 1992, PKPA Bil. 5 Tahun 1991, PKPA Bil. 2 Tahun 2002 dan SPKPA.pdf', 'srp_doc73.pdf', 3, '2017-04-17', '2012-03-30', '0000-00-00', '0000-00-00', 'Tiada data dimasukkan.', 'Tiada data dimasukkan.', '0000-00-00', 1, 1, 'Semakan, Pekeliling, Keputusan\r\n', NULL),
	(74, 1, 'Penyerahan Pekeliling Kemajuan Pentadbiran Awam Bilangan 3 Tahun 1992 Dan Pekeliling Kemajuan Pentadbiran Awam Bilangan 1 Tahun 2011 Kepada Jabatan Akauntan Negara Malaysia', 2, 2012, 'Mesyuarat Panel Pemantauan Penyampaian Perkhidmatan (Panel 3P) pada 21 Februari 2012 telah mempertimbangkan dan bersetuju supaya pekeliling-pekeliling berikut diserahkan kepada agensi pemilik iaitu Jabatan Akauntan Negara Malaysia: (i) Pekeliling Kemajuan Pentadbiran Awam Bilangan 3 Tahun 1992 : "Garis Panduan Sistem Perakaunan Mikro (SPM)"; dan (ii) Pekeliling Kemajuan Pentadbiran Awam Bilangan 1 Tahun 2011: "Pelaksanaan Sistem Perakaunan Standard Bagi Agensi Kerajaan "Standard Accounting Systems for Government Agencies" (SAGA)". Pihak MAMPU ingin mencadangkan agar pekeliling-pekeliling tersebut dikaji semula dan dikemas kini sama ada melalui pengeluaran pekeliling baharu atau pindaan kepada pekeliling-pekeliling Jabatan Akauntan Negara Malaysia di mana sesuai. Pihak MAMPU akan mengambil tindakan susulan dengan memansuhkan pekeliling-pekeliling di atas setelah urusan kajian semula dan pengemaskinian disempurnakan oleh JANM.', 11, 3, 10, 101, 101115, 2, 13, '2017-04-17', '2012-SA KP-Penyerahan PKPA 3 Tahun 1992 dan PKPA 1 Tahun 2011 kepada Jabatan Akauntan Negara.pdf', 'srp_doc74.pdf', 3, '2017-04-17', '2012-04-09', '0000-00-00', '0000-00-00', 'Tiada data dimasukkan.', 'Tiada data dimasukkan.', '0000-00-00', 1, 1, 'Semakan, Pekeliling, Keputusan\r\n', NULL),
	(75, 1, 'Penyerahan Pekeliling Am Bilangan 2 Tahun 1982 Dan Surat Pekeliling Am Bilangan 8 Tahun 1983 kepada Jabatan Perkhidmatan Awam Malaysia', 3, 2012, 'Mesyuarat Panel Pemantauan Penyampaian Perkhidmatan (Panel 3P) pada 21 Februari 2012 telah mempertimbangkan dan bersetuju supaya pekeliling-pekeliling berikut diserahkan kepada agensi pemilik iaitu Jabatan Perkhidmatan Awam Malaysia: (i) Pekeliling Am Bilangan 2 Tahun 1982: "Organisasi Kementerian-Kementerian"; dan (ii) Surat Pekeliling Am Bilangan 8 Tahun 1983: "Pemakaian Tanda Nama". Pihak MAMPU ingin mencadangkan agar pekeliling-pekeliling tersebut dikaji semula dan dikemas kini sama ada melalui pengeluaran pekeliling baharu atau pindaan kepada pekeliling-pekeliling Jabatan Perkhidmatan Awam Malaysia di mana sesuai. Pihak MAMPU akan mengambil tindakan susulan dengan memansuhkan pekeliling-pekeliling di atas setelah urusan kajian semula dan pengemaskinian disempurnakan oleh JPA.', 11, 3, 10, 101, 101115, 2, 13, '2017-04-17', '2012-SAKP 0904-Penyerahan Pekeliling Am Bil. 2 Tahun 1982 dan Surat Pekeliling Am Bil. 8 Tahun 1983 kepada Jabatan Perkhidmatan Awam.pdf', 'srp_doc75.pdf', 3, '2017-04-17', '2012-04-09', '0000-00-00', '0000-00-00', 'Tiada data dimasukkan.', 'Tiada data dimasukkan.', '0000-00-00', 1, 1, 'Semakan, Pekeliling, Keputusan\r\n', NULL),
	(76, 1, 'Penyerahan PKPA Bilangan 1 Tahun 1997 Dan SPKPA Bilangan 1 Tahun 2001 Kepada Kementerian Sumber Asli dan Alam Sekitar', 4, 2012, 'Mesyuarat Panel Pemantauan Penyampaian Perkhidmatan (Panel 3P) pada 21 Februari 2012 telah mempertimbangkan dan bersetuju supaya pekeliling-pekeliling berikut diserahkan kepada agensi pemilik iaitu Kementerian Sumber Asli dan Alam Sekitar: (i) Pekeliling Kemajuan Pentadbiran Awam Bilangan 1 Tahun 1997 : "Panduan Mengenai Penubuhan Infrastruktur Kebangsaan Bagi Sistem Maklumat Tanah (NaLIS)"; dan (ii) Surat Pekeliling Kemajuan Pentadbiran Awam Bilangan 1 Tahun 2001: "Panduan Bagi Data Custodianship Infrastruktur Kebangsaan Bagi Sistem Maklumat Tanah". Pihak MAMPU ingin mencadangkan agar pekeliling-pekeliling tersebut dikaji semula dan dikemas kini sama ada melalui pengeluaran pekeliling baharu atau pindaan kepada pekeliling-pekeliling Kementerian Sumber Asli dan Alam Sekitar di mana sesuai. Pihak MAMPU akan mengambil tindakan susulan dengan memansuhkan pekeliling-pekeliling di atas setelah urusan kajian semula dan pengemaskinian disempurnakan oleh JANM.', 11, 3, 10, 101, 101115, 2, 13, '2017-04-17', '2012-SAKP 0904-Penyerahan PKPA Bil. 1 Tahun 1997 dan SPKPA Bil. 1 Tahun 2011 kepada NRE.pdf', 'srp_doc76.pdf', 3, '2017-04-17', '2012-04-09', '0000-00-00', '0000-00-00', 'Tiada data dimasukkan.', 'Tiada data dimasukkan.', '0000-00-00', 1, 1, 'Semakan, Pekeliling, Keputusan\r\n', NULL),
	(77, 1, 'Penggunaan Media Jaringan Sosial Di Sektor Awam', 6, 2009, 'Memaklumkan keputusan Mesyuarat JITIK bertarikh 6 Ogos 2009 mengenai penggunaan media jaringan sosial di Sektor Awam.  Penggunaan medial sosial di Sektor Awam tidak disekat penggunaannya tetakluk dengan kawalan dan perhatian kepada perkara-perkara berikut: (1) Pematuhan kepada PKPA Bil. 1 Tahun 2003 Garis Panduan Mengenai Tatacara Penggunaan Internet & Mel Elektronik Di Agensi-agensi Kerajaan ; (2) Sebarang bentuk maklumat yang dikongsi dan disebar melalui media sosial tidak menjejaskan kepentingan perkhidmatan awam dan kedaulatan negara; dan (3) Tidak melibatkan penyebaran maklumat dan dokumen terperingkat.', 11, 4, 14, 101, 101115, 2, 13, '2017-04-17', '2009-SA KP-Penggunaan Media Jaringan Sosial Di Sektor Awam.pdf', 'srp_doc77.pdf', 3, '2017-04-17', '2009-11-19', '0000-00-00', '0000-00-00', 'Tiada data dimasukkan.', 'Tiada data dimasukkan.', '0000-00-00', 1, 1, 'Media, Sosial, IT\r\n', NULL),
	(78, 1, 'Penggunaan Smartphone, Personel Digital Assistant Dan Alat Komunikasi Mudah Alih Sebagai Saluran Komunikasi Tambahan', 5, 2009, 'Surat Arahan ini memaklumkan, Mesyuarat Jawatankuasa IT dan Internet Kerajaan  (JITIK) pada 6 Ogos 2009 telah memutuskan supaya capaian e-mel melalui penggunaan smartphone, PDA dan alat-alat komunikasi mudah alih tidak disekat dengan syarat-syarat berikut: (a) Mematuhi peraturan-peraturan sedia ada; dan (b) E-mel yang dihantar dan diterima tidak melibatkan dokumen terperingkat. Ketua Jabatan hendaklah memastikan semua maklumat Kerajaan dikendalikan mengikut prosedur dan peraturan yang telah ditetapkan. Sebarang perbuatan mendedahkan maklumat Kerajaan adalah bertentangan dengan Arahan Keselamatan dan Pekeliling Am Bil. 3 Tahun 2000 iaitu Rangka Dasar Keselamatan Teknologi Maklumat dan Komunikasi. Semua Ketua Jabatan adalah dipohon untuk mengambil tindakan sewajarnya agar peraturan ini dipatuhi dan dipantau sepenuhnya dengan berkesan.', 11, 4, 15, 101, 101115, 2, 13, '2017-04-17', '2009-SAKP 150909-PENGGUNAAN SMARTPHONE, PERSONEL DIGITAL ASSISTANT DAN ALAT KOMUNIKASI MUDAH ALIH SEBAGAI SALURAN KOMUNIKASI TAMBAHAN.pdf', 'srp_doc78.pdf', 3, '2017-04-17', '2009-09-15', '0000-00-00', '0000-00-00', 'Tiada data dimasukkan.', 'Tiada data dimasukkan.', '0000-00-00', 1, 1, 'Penggunaan, PDA, Komunikasi\r\n', NULL),
	(79, 1, 'Panduan Penyediaan Dan Penyiaran Berita Online Di Laman Web Agensi-Agensi Kerajaan', 3, 2009, 'Tujuan panduan ini adalah untuk menerangkan kaedah menyedia, menulis dan menyiarkan berita online serta kaedah untuk menyebarkan berita online dengan menggunakan teknologi really simple syndicate (RSS) menerusi laman web agensi-agensi Kerajaan.', 11, 4, 16, 101, 101115, 2, 13, '2017-04-17', '2009-SA KP-Panduan Penyediaan Berita Online Dan Penyiaran Berita Online Di Laman WebPortal Agensi-Agensi Kerajaan.pdf', 'srp_doc79.pdf', 3, '2017-04-17', '2009-09-11', '0000-00-00', '0000-00-00', 'Tiada data dimasukkan.', 'Tiada data dimasukkan.', '0000-00-00', 1, 1, 'RSS, Online, Berita\r\n', NULL),
	(80, 1, 'Garis Panduan Pembangunan Kandungan Sektor Awam', 4, 2009, 'Tujuan utama garis panduan ini adalah untuk menjadi rujukan dan panduan kepada agensi dalam membangunkan kandungan Sektor Awam. Akta Komunikasi dan Multimedia 1998 mentafsirkan Kandungan sebagai apa-apa bunyi, teks, gambar pegun, gambar bergerak atau persembahan audio visual lain, persembahan sentuhan atau apa-apa gabungan yang sedemikian yang mampu direka, dimanipulasi, disimpan, diambil atau disampaikan secara elektronik. Garis Panduan ini perlu dibaca bersama dengan Pekeliling Am Bil.1 Tahun 2006 : Pengurusan Laman Web/Portal Sektor Awam.', 11, 4, 14, 101, 101115, 2, 13, '2017-04-17', '2009-SA KP-Garis Panduan Pembangunan Kandungan Sektor Awam.pdf', 'srp_doc80.pdf', 3, '2017-04-17', '2009-09-11', '0000-00-00', '0000-00-00', 'Tiada data dimasukkan.', 'Tiada data dimasukkan.', '0000-00-00', 1, 1, 'Garis Panduan, Sektor Awam,  Perkhidmatan\r\n', NULL),
	(81, 1, 'Garis Panduan Pelaksanaan Blog Bagi Agensi Sektor Awam', 2, 2009, 'Tujuan garis panduan ini adalah untuk memaklumkan konsep pelaksanaan blog rasmi bagi agensi-agensi Sektor Awam dan menyediakan panduan pengurusan blog agensi-agensi Sektor Awam.', 11, 4, 14, 101, 101115, 2, 13, '2017-04-17', '2009-SA KP-Garis Panduan Pelaksanaan Blog Bagi Agensi Sektor Awam.pdf', 'srp_doc81.pdf', 3, '2017-04-17', '2009-07-17', '0000-00-00', '0000-00-00', 'Tiada data dimasukkan.', 'Tiada data dimasukkan.', '0000-00-00', 1, 1, 'Blog, Rasmi, RSS\r\n', NULL),
	(82, 1, 'Pengaktifan Fail Log Server Bagi Tujuan Pengurusan Pengendalian Insiden Keselamatan ICT Di Agensi-Agensi Kerajaan', 1, 2009, 'Panduan pengaktifan fail log server ini bagi tujuan pengurusan pengendalian insiden keselamatan ICT di agensi-agensi kerajaan. Semua ketua jabatan dipohon memastikan fail log bagi server dan aplikasi berikut di agensi masing-masing diaktifkan iaitu (1) Fail Log Sistem Pengoperasian; (2) Fail Log Servis (web, ftp, emel dsb); (3) Fail Log Aplikasi (audit trail); (4) Fail Log Rangkaian (switch, firewall, router dll). Fail log perlu disimpan sekurang-kurangnya enam bulan di tempat yang selamat dan dikemukakan kepada MAMPU apabila diperlukan untuk pengurusan pengendalian insiden keselamatan ICT', 11, 4, 15, 101, 101115, 2, 13, '2017-04-17', '2009-SA KP-Pengaktifan Fail Log Server Bagi Tujuan Pengurusan Pengendalian Insiden Keselamatan ICT Di Agensi-Agensi Kerajaan.pdf', 'srp_doc82.pdf', 3, '2017-04-17', '2009-03-23', '0000-00-00', '0000-00-00', 'Tiada data dimasukkan.', 'Tiada data dimasukkan.', '0000-00-00', 1, 1, 'GCERT, ICT, Fail Log Serve\r\n', NULL),
	(83, 1, 'Pengurusan Perkhidmatan Komunikasi Bersepadu Kerajaan (Government Unified Communication (1GovUC))', 3, 2017, 'Pekeliling ini bertujuan untuk memaklumkan kepada ketua-ketua jabatan Kerajaan mengenai Pengurusan Perkhidmatan Komunikasi Bersepadu Kerajaan (Government Unified Communication (1GovUC)) bagi meningkatkan sistem komunikasi dan kolaborasi pentadbiran sektor awam. Pelaksanaan 1GovUC adalah untuk meningkatkan, memperkasakan dan menambah baik urusan komunikasi dan kolaborasi dalam urusan harian pentadbiran sektor awam melalui integrasi dan konsolidasi saluran-saluran komunikasi secara selamat serta menjadi pemangkin kepada peningkatan keberkesanan pentadbiran awam dan peluasan penggunaan aplikasi umum dan strategik.', 9, 4, 15, 101, 101115, 2, 13, '2017-03-23', 'PTPA Bil 3 Tahun 2017- Pengurusan Perkhidmatan Komunikasi Bersepadu Kerajaan 1GovUC.pdf', 'srp_doc83.pdf', 3, '2017-03-23', '2017-01-03', '0000-00-00', '0000-00-00', 'Tiada data dimasukkan.', 'Tiada data dimasukkan.', '0000-00-00', 1, 1, '1GovUC, Komunikasi Bersepadu, Pengurusan', NULL),
	(84, 1, 'Pengurusan Perkhidmatan Rangkaian Telekomunikasi Bersepadu Kerajaan (1Gov*Net)', 2, 2017, 'Pekeliling ini bertujuan untuk memaklumkan kepada ketua-ketua jabatan Kerajaan mengenai Pengurusan Perkhidmatan Rangkaian Telekomunikasi Bersepadu Kerajaan (1Gov*Net) bagi memperkukuhkan sistem rangkaian perkhidmatan kerajaan. Pelaksanaan 1Gov*Net bermula sejak Rancangan Malaysia Kesepuluh (RMK-10) dan Rancangan Malaysia Kesebelas (RMK-11), iaitu kesinambungan daripada perkhidmatan EG*Net yang telah ditambah baik. Perkhidmatan tersebut dibangunkan bagi menyokong pelaksanaan kerajaan digital dalam usaha meningkatkan produktiviti, mengurangkan pertindihan dan menambah baik kecekapan hasil daripada pengurusan dan penyenggaraan infrastruktur yang dikongsi bersama.  Pendekatan pengurusan perkhidmatan 1Gov*Net yang dibuat secara berpusat membolehkan agensi Kerajaan memberi tumpuan penuh kepada pelaksanaan perkhidmatan utama masing-masing. ', 9, 4, 15, 101, 101115, 2, 13, '2017-03-23', 'PTPA Bil 2 Tahun 2017- Pengurusan Perkhidmatan Rangkaian Telekomunikasi Bersepadu Kerajaan 1GovNet.pdf', 'srp_doc84.pdf', 3, '2017-03-23', '2017-01-03', '0000-00-00', '0000-00-00', 'Tiada data dimasukkan.', 'Tiada data dimasukkan.', '0000-00-00', 1, 1, '1Gov*Net, Rangkaian, Telekomunikasi Bersepadu', NULL),
	(85, 1, 'Pelaksanaan Analitis Data Raya Sektor Awam (aDRSA)', 1, 2017, 'Pekeliling ini bertujuan memberi panduan kepada agensi sektor awam bagi melaksanakan analitis data raya dengan mengguna pakai kaedah atau metodologi yang bersesuaian ke arah meningkatkan produktiviti dan kecekapan perkhidmatan awam. Pelaksanaan analitis data raya merupakan satu inisiatif yang boleh membantu kerajaan dalam membuat keputusan berdasarkan ketersediaan data yang komprehensif daripada dalam dan luar agensi. Pelaksanaan analitis data raya akan menggalakkan inovasi dalam perkhidmatan kerajaan sekali gus memenuhi keperluan kritikal agenda transformasi negara ke arah kerajaan digital. Pelaksanaan inisiatif ini akan mewujudkan sistem penyampaian perkhidmatan yang responsif dan mengutamakan kepantasan bertindak bagi memenuhi kehendak rakyat.', 9, 4, 14, 101, 101115, 2, 13, '2017-03-23', 'PTPA Bil 1 Tahun 2017-Pelaksanaan Analitis Data Raya Sektor Awam aDRSA.pdf', 'srp_doc85.pdf', 3, '2017-03-23', '2017-01-03', '0000-00-00', '0000-00-00', 'Tiada data dimasukkan.', 'Tiada data dimasukkan.', '0000-00-00', 1, 1, 'aDRSA, Analitis, Data Raya', NULL),
	(86, 1, 'Panduan Pembudayaan Dan Pemerkasaan Inovasi Dalam Sektor Awam Melalui Horizon Baharu Kumpulan Inovatif Dan Kreatif', 1, 2016, 'Pekeliling ini mengandungi panduan berkaitan penambahbaikan tatacara pengurusan Kumpulan Inovatif dan Kreatif (KIK) bertujuan untuk menyemarakkan lagi kreativiti dan inovasi dalam sektor awam. Pekeliling ini dikeluarkan bagi menggantikan Panduan Mengenai Kumpulan Inovatif dan Kreatif (KIK) yang dikeluarkan pada 1 November 2009.', 9, 3, 10, 101, 101115, 2, 13, '2017-04-06', 'Pekeliling_Transformasi_Pentadbiran_Awam_Bil.1_2016.pdf', 'srp_doc86.pdf', 3, '2017-04-06', '2016-08-30', '0000-00-00', '0000-00-00', 'Tiada data dimasukkan.', 'Tiada data dimasukkan.', '0000-00-00', 1, 1, 'Inovasi, Pembudayaan, Inovatif, Kreatif', NULL),
	(87, 1, 'Langkah-langkah Mengenai Penggunaan Mel Elektronik Di Agensi-Agensi Kerajaan', 1, 2007, 'Memaklumkan kepada ketua jabatan dan pegawai di semua peringkat agensi Kerajaan mengenai enam langkah penggunaan mel elektronik di agensi-agensi kerajaan.', 11, 4, 15, 101, 101115, 2, 13, '2017-03-23', '2007-SA KP-Langkah-langkah Mengenai Penggunaan Mel Elektronik Di Agensi-Agensi Kerajaan.pdf', 'srp_doc87.pdf', 3, '2017-03-23', '2007-06-01', '0000-00-00', '0000-00-00', 'Tiada data dimasukkan.', 'Tiada data dimasukkan.', '0000-00-00', 1, 1, 'Penggunaan, Komunikasi, Elektronik\r\n', NULL),
	(88, 1, 'Langkah-Langkah Pemantapan Pelaksanaan Sistem Mel Elektronik Di Agensi-Agensi Kerajaan', 3, 2007, 'Langkah-Iangkah pemantapan yang digariskan ini merupakan usaha bagi mengukuhkan lagi Pekeliling Kemajuan Pentadbiran Awam (PKPA) Bil. 1 Tahun 2003 bertajuk "Garis Panduan Mengenai Tatacara Pelaksanaan Internet dan Mel Elektronik di Agensi-agensi Kerajaan". Ketua Jabatan dan pegawai-pegawai di semua peringkat dalam agensi Kerajaan hendaklah mematuhi dan melaksanakan 14 perkara yang digariskan di dalam surat arahan ini bagi mengukuhkan lagi PKPA Bil.1 Tahun 2003.', 11, 4, 15, 101, 101115, 2, 13, '2017-04-17', '2007-SA KP-Langkah-Langkah Pemantapan Pelaksanaan Sistem Mel Elektronik Di Agensi-Agensi Kerajaan.pdf', 'srp_doc88.pdf', 3, '2017-04-17', '2007-11-23', '0000-00-00', '0000-00-00', 'Tiada data dimasukkan.', 'Tiada data dimasukkan.', '0000-00-00', 1, 1, 'Komunikasi, Media, Mel\r\n', NULL),
	(89, 1, 'Panduan Pelaksanaan MS ISO 9001:2008 Dalam Sektor Awam', 1, 2010, 'Panduan ini bertujuan untuk meningkatkan pengetahuan dan efahaman agensi-agensi Sektor Awam mengenai keperluan-keperluan standard dalam melaksanakan Sistem Pengurusan Kualiti (SPK) berasaskan standard MS ISO 9001:2008. Panduan pelaksanaan MS ISO 9001:2008 dalam Sektor Awam ini hendaklah dibaca bersama standard MS ISO 9001:2008 yang dikeluarkan oleh Jabatan Standard Malaysia. Panduan ini dikeluarkan bagi menggantikan PKPA dan Surat PKPA berikut: (a) Pekeliling Kemajuan Pentadbiran Awam Bilangan 2 Tahun 1996 Garis Panduan Bagi Melaksanakan MS ISO 9000 Dalam Perkhidmatan Awam; (b) Surat Pekeliling Kemajuan Pentadbiran Awam Bil. 1 Tahun 1997 Panduan Tambahan Mengenai Pelaksanaan MS ISO 9000 dan Skim Pensijilan Sistem Kualiti Oleh Agensi Kerajaan; dan (c) Surat Pekeliling Kemajuan Pentadbiran Awam Bil. 2 Tahun 2002 Garis Panduan Bagi Melaksanakan MS ISO 9000:2000 Dalam perkhidmatan Awam.', 4, 3, 10, 101, 101115, 2, 13, '2017-04-17', '2010-GP-PANDUAN PELAKSANAAN MS ISO2008 DALAM SEKTOR AWAM (Januari 2010).pdf', 'srp_doc89.pdf', 3, '2017-04-17', '2010-01-01', '0000-00-00', '0000-00-00', 'Tiada data dimasukkan.', 'Tiada data dimasukkan.', '0000-00-00', 1, 1, 'Sektor Awam, Sistem Pengurusan Kualiti, Pelaksanaan, MS ISO\r\n', NULL),
	(90, 1, 'Pelaksanaan Sistem Perakaunan Berkomputer Yang Standard Di Badan-Badan Berkanun Persekutuan "Standard Accounting System For Government Agencies" (SAGA)', 1, 2007, 'Pekeliling ini adalah bertujuan untuk memberikan garis panduan bagi membantu Ketua-ketua Pengurusan Badan-badan Berkanun Persekutuan melaksanakan sistem perakaunan berkomputer yang standard dengan menggunakan pakej Standard Accounting System For Government Agencies (SAGA) yang telah diluluskan oleh Kerajaan. Pekeliling ini mengandungi garis panduan yang memberi penjelasan mengenai sistem perakaunan standard yang akan dilaksanakan melalui penggunaan pakej perisian SAGA, cara pelaksanaan, penggunaan dan pengesanannya. Dengan berkuatkuasanya pekeliling ini maka Pekeliling Kemajuan Pentadbiran Awam Bilangan 1 Tahun 1996 adalah terbatal.', 7, 4, 13, 101, 101115, 3, 13, '2017-04-06', '2007-pkpa 01-PELAKSANAAN SISTEM PERAKAUNAN BERKOMPUTER YANG STANDARD DI BADAN-BADAN BERKANUN PERSEKUTUAN (SAGA).pdf', 'srp_doc90.pdf', 3, '2017-04-06', '2007-05-04', '2011-03-09', '0000-00-00', 'Tiada data dimasukkan.', 'Tiada data dimasukkan.', '0000-00-00', 1, 1, 'SAGA, Perakaunan, Berkomputer, Standard', NULL),
	(91, 1, 'Pelaksanaan Rasionalisasi Laman Web Sektor Awam', 2, 2015, 'Surat Arahan ini bertujuan memaklumkan Ketua Jabatan untuk melaksanakan rasionalisasi laman web sektor awam dengan menyusun semula dan mengkonsolidasi laman web. Pelaksanaan rasionalisasi ini akan memberi faedah dan impak yang besar kepada agensi Kerajaan dari segi pengurangan kos penyenggaraan dan pengoperasian laman web serta pengoptimuman sumber sedia ada perkhidmatan Kerajaan. Pelaksanaan rasionalisasi laman web sektor awam ini adalah susulan dari Mesyuarat Jawatankuasa Koordinasi Aplikasi Perdana MSC Malaysia (MSC Malaysia Flagship Coordination Committe) ke-38 pada 19 November 2014 yang telah memutuskan rasionalisasi laman web perlu dilaksanakan bagi mengurangkan jumlah laman web Kerajaan menjelang akhir tahun 2015. Mesyuarat Jawatankuasa IT dan Internet Kerajaan (JITIK) Bil. 1/2015 yang diadakan pada 6 Mac 2015 telah bersetuju rasionalisasi laman web sektor awam perlu diteruskan ke arah mengurangkan sehingga 50% laman web sektor awam.', 11, 4, 16, 101, 101115, 2, 13, '2017-04-17', '2015-SAKP- Garis Panduan Pelaksanaan Rasionalisasi Laman Web Sektor Awam.pdf', 'srp_doc91.pdf', 3, '2017-04-17', '2015-05-26', '0000-00-00', '0000-00-00', 'Tiada data dimasukkan.', 'Tiada data dimasukkan.', '0000-00-00', 1, 1, 'Pelaksanaan, Sektor Awam, Laman Web\r\n', NULL),
	(92, 1, 'Pelaksanaan dan Penggunaan Aplikasi Digital Document Management System (DDMS) Sektor Awam', 1, 2015, 'Surat Arahan ini bertujuan memaklumkan bahawa aplikasi DDMS ialah satu sistem pengurusan rekod Kerajaan secara elektronik yang menyokong Program Transformasi Ekonomi (ETP) di bawah Bidang Ekonomi Utama Negara (NKEA) EPP6: Kandungan dan Infrastruktur Komunikasi (CCI). Projek ini dapat meningkatkan kepantasan akses, mengurangkan pengunaan kertas serta menjamin perkhidmatan kerajaan yang lebih telus melalui penggunaan aplikasi ICT. Aplikasi DDMS ini itelah dilaksanakan di MAMPU dan PEMANDU mulai Mac 2014 sebagai agensi perintis. Seterusnya, MAMPU telah mengadakan satu mesyuarat penyelarasan pada 22 Januari 2015 bagi mengatur langkah-langkah memperluaskan penggunaan aplikasi DDMS. Ketua Jabatan adalah dimohon untuk mengambil tindakan awalan seperti dinyatakan dalam surat arahan tersebut. MAMPU telah diarahkan untuk memastikan semua Kementerian segera menggunapakai aplikasi tersebut.', 11, 4, 6, 101, 101115, 2, 13, '2017-04-17', '2015-Surat Pelaksanaan  DDMS.pdf', 'srp_doc92.pdf', 3, '2017-04-17', '2015-01-26', '0000-00-00', '0000-00-00', 'Tiada data dimasukkan.', 'Tiada data dimasukkan.', '0000-00-00', 1, 1, 'Garis Panduan, DDMS, CCI\r\n', NULL),
	(93, 1, 'Pemansuhan PKPA Bilangan 2 Tahun 2002: Garis Panduan Pemberian Anugerah Perkhidmatan Cemerlang Anggota Perkhidmatan Awam', 1, 2013, 'Surat Arahan ini memaklumkan Jawatankuasa Kabinet Mengenai Perjawatan dan Gaji Pekerja-Pekerja Sektor Awam (JKKMPGSA) pada 7 Ogos 2012 telah bersetuju supaya penganugerahan Pingat Perkhidmatan Cemerlang dilaksanakan mulai 1 Januari 2013. Selaras dengan keputusan tersebut, Jabatan Perkhidmatan Awam telah mengeluarkan Pekeliling Perkhidmatan Bilangan 13 Tahun 2012: "Penganugerahan Pingat Perkhidmatan Cemerlang dan Pemberian Anugerah Perkhidmatan Cemerlang" berkuatkuasa mulai 1 Januari 2013. Selaras dengan penguatkuasaan Pekeliling Perkhidmatan Bilangan 13 Tahun 2012, maka Pekeliling Kemajuan Pentadbiran Awam Bilangan 2 Tahun 2002: " Garis Panduan Pemberian Anugerah Perkhidmatan Cemerlang Anggota Perkhidmatan Awam" adalah dimansuhkan.', 11, 3, 10, 101, 101115, 2, 13, '2017-03-29', '2013-SA KP-Pemansuhan PKPA 2 Tahun 2002 Garis Panduan Pemberian APC Anggota Perkhidmatan Awam.pdf', 'srp_doc93.pdf', 3, '2017-03-29', '2013-01-15', '0000-00-00', '0000-00-00', 'Tiada data dimasukkan.', 'Tiada data dimasukkan.', '0000-00-00', 1, 1, 'Anugerah, Pekerja-Pekerja Sektor Awam, Perkhidmatan', NULL),
	(94, 1, 'Garis Panduan IT Outsourcing Agensi-Agensi Sektor Awam', 2, 2006, 'Tujuan garis panduan bagi membantu agensi kerajaan mengenal pasti aktiviti-aktiviti ICT yang boleh dikendalikan oleh pihak pembekal. Dokumen ini juga menggariskan beberapa aspek yang perlu diberi pertimbangan dan perhatian sewajarnya oleh agensi sebelum membuat keputusan untuk outsource projek-projek ICT serta aspek-aspek semasa pengurusan outsourcing. Garis panduan ini memberi fokus kepada perkara-perkara yang perlu diambil kira dan dipertimbangkan oleh agensi kerajaan yang bercadang untuk melaksanakan IT outsourcing.', 4, 4, 14, 101, 101115, 2, 13, '2017-04-17', '2006-GP-Garis Panduan IT Outsourcing.pdf', 'srp_doc94.pdf', 3, '2017-04-17', '2006-10-01', '0000-00-00', '0000-00-00', 'Tiada data dimasukkan.', 'Tiada data dimasukkan.', '0000-00-00', 1, 1, 'IT OUTSOURCING, BOO, BOT\r\n', NULL),
	(95, 1, 'Akta 680 : Akta Aktiviti Kerajaan Elektronik 2007', 1, 2007, 'Undang-Undang Malaysia, Akta 680 Akta Aktiviti Kerajaan Elektronik 2007. Suatu Akta bagi mengadakan peruntukan pengiktirafan undang-undang suatu mesej elektronik dalam urusan antara Kerajaan dengan orang awam, penggunaan mesej elektronik untuk memenuhi kehendak undang-undang dan untuk membolehkan dan memudahkan urusan itu melalui penggunaan cara elektronik dan perkara-perkara lain yang berkaitan dengannya.', 13, 4, 14, 101, 101115, 2, 13, '2018-04-13', '2007 - AKTA AKTIVITI KERAJAAN ELEKTRONIK (AKTA 680) (Tahun 2007).pdf', 'srp_doc95.pdf', 21, '2018-04-13', '2007-08-30', '0000-00-00', '0000-00-00', 'Tiada data dimasukkan.', 'Tiada data dimasukkan.', '0000-00-00', 1, 1, 'Akta 680, Akta 562, ACT 2007\r\n', NULL),
	(96, 1, 'Penyeragaman Kepala Surat Kementerian-Kementerian dan Jabatan-Jabatan Persekutuan', 8, 1980, 'Surat Pekeliling ini ialah untuk membatalkan Surat Pekeliling Am Bilangan 4 Tahun 1980 yang dikeluarkan oleh Jabatan Perdana Menteri. Surat Pekeliling ini adalah bertujuan untuk melaksanakan rekabentuk baru kepala surat bagi mencapai penyeragaman dalam penggunaan kepala surat di Kementerian-kementerian dan Jabatan-jabatan Persekutuan. Di samping itu, format dan cara baru bagi menaip surat-surat adalah juga diperkenalkan untuk dilaksanakan.', 6, 3, 10, 101, 101115, 3, 13, '2017-03-29', '1980-SPA 08-Penyeragaman Kepala Surat Kementerian-Kementerian Dan Jabatan-Jabatan Persekutuan.pdf', 'srp_doc96.pdf', 3, '2017-03-29', '1980-10-01', '2013-02-13', '0000-00-00', 'Tiada data dimasukkan.', 'Tiada data dimasukkan.', '0000-00-00', 1, 1, 'Kepala surat, Penyeragaman, Jabatan', NULL),
	(97, 1, 'Peranan Jawatankuasa-Jawatankuasa Di bawah Jawatankuasa IT Dan Internet Kerajaan (JITIK)', 2, 2000, 'Surat Pekeliling Am ini bermaksud untuk menjelaskan peranan Jawatankuasa-jawatankuasa di bawah Jawatankuasa IT dan Internet Kerajaan (JITIK) khususnya Jawatankuasa Tindakan Pelaksanaan IT (JTPIT), Jawatankuasa Teknikal IT (JTIT) dan Jawatankuasa Latihan dan Pendidikan IT (JLPIT) dalam pembangunan dan pelaksanaan Information and Communication Technology (ICT) di sektor awam. Surat Pekeliling Am ini juga adalah bertujuan untuk menarik perhatian agensi di semua peringkat pentadbiran kepada keputusan Kerajaan bahawa perolehan perkakasan dan perisian ICT perlu dirujuk dan mendapat input dari segi teknikal daripada Unit Pemodenan Tadbiran dan Perancangan Pengurusan Malaysia (MAMPU) selaku Urusetia kepada JITIK.', 6, 4, 13, 101, 101115, 3, 13, '2017-03-30', '2000-SPA 02-Peranan Jawatankuasa-Jawatankuasa di bawah Jawatankuasa IT dan Internet Kerajaan (JITIK).pdf', 'srp_doc97.pdf', 3, '2017-03-30', '2002-12-20', '2006-11-13', '0000-00-00', 'Tiada data dimasukkan.', 'Tiada data dimasukkan.', '0000-00-00', 1, 1, 'JITIK, Internet Kerajaan, Jawatankuasa IT', NULL),
	(98, 1, 'Garis Panduan Mengenai Tatacara Memohon Kelulusan Teknikal Projek ICT Agensi Kerajaan (Tambahan Pertama Kepada Surat Pekeliling Am Bil. 2 Tahun 2000)', 4, 2004, 'Surat Pekeliling Am ini bertujuan untuk menggantikan garis panduan kepada agensi-agensi Kerajaan bagi merujuk dan mendapatkan kelulusan dari segi teknikal bagi perolehan teknologi maklumat dan komunikasi (ICT) daripada Jawatankuasa Teknikal ICT (JTICT) yang berurus setia di MAMPU.', 6, 4, 13, 101, 101115, 3, 13, '2017-03-23', '2004 Garis panduan mengenai tatacara memohon kelulusan teknikal projek ICT agensi kerajaan (tambahan pertama kpd SPA bil 2 tahun 2000).pdf', 'srp_doc98.pdf', 3, '2017-03-23', '2004-08-20', '2008-02-18', '0000-00-00', 'Tiada data dimasukkan.', 'Tiada data dimasukkan.', '0000-00-00', 1, 1, 'Projek ICT, Tatacara, Tambahan Pertama', NULL),
	(99, 1, 'Pindaan Kepada SPA Bilangan 1 Tahun 2008 Mengenai Had Nilai Projek ICT Yang Memerlukan Kelulusan Teknikal JTICT/JPICT Bagi Permohonan Yang Tidak Melibatkan Pembangunan Sistem Aplikasi', 11, 2008, 'Surat Pekeliling Am ini bertujuan untuk memaklumkan mengenai pindaan kepada perenggan 6.2(b)(iii) dalam Surat Pekeliling Am Bilangan 1 Tahun 2008 mengenai had nilai projek ICT yang memerlukan kelulusan teknikal Jawatankuasa Teknikal ICT (JTICT) / Jawatankuasa Pemandu ICT (JPICT) bagi permohonan yang tidak melibatkan pembangunan sistem aplikasi.', 6, 4, 13, 101, 101115, 3, 13, '2017-04-06', '2008-SPA 11-Pindaan Kepada SPA 1 Tahun 2008 Mengenai Had Nilai Projek ICT Yang Memerlukan Kelulusan Teknikal JTICTJPICT Bagi...pdf', 'srp_doc99.pdf', 3, '2017-04-06', '2008-10-08', '2009-04-30', '0000-00-00', 'Tiada data dimasukkan.', 'Tiada data dimasukkan.', '0000-00-00', 1, 1, 'JTICT, JPICT, Kepala Surat, Sistem Aplikasi', NULL),
	(100, 1, 'Garis Panduan Mengenai Tatacara Memohon Kelulusan Teknikal Projek ICT Agensi Kerajaan', 1, 2008, 'Surat Pekeliling Am ini bertujuan untuk menggantikan garis panduan kepada agensi-agensi Kerajaan bagi merujuk dan mendapatkan kelulusan dari segi teknikal bagi perolehan teknologi maklumat dan komunikasi (ICT) daripada Jawatankuasa Teknikal ICT (JTICT) yang berurus setia di MAMPU.', 6, 4, 13, 101, 101115, 3, 13, '2017-03-31', '2008-SPA 01-Garis Panduan Mengenai Tatacara Memohon Kelulusan Teknikal Projek ICT Agensi Kerajaan.pdf', 'srp_doc100.pdf', 3, '2017-03-31', '2008-02-18', '2009-04-30', '0000-00-00', 'Tiada data dimasukkan.', 'Tiada data dimasukkan.', '0000-00-00', 1, 1, 'Tatacara, Projek ICT, Kelulusan', NULL),
	(101, 1, 'Garis Panduan Mengenai Tatacara Memohon Kelulusan Teknikal Projek ICT Agensi Kerajaan', 1, 2009, 'Surat Pekeliling  Am ini bertujuan menggantikan garis panduan kepada agensi-agensi Kerajaan bagi merujuk dan mendapatkan kelulusan dari segi teknikal bagi perolehan teknologi maklumat dan komunikasi (ICT) daripada Jawatankuasa Teknikal ICT (JTICT) yang berurus setia di MAMPU. Dengan berkuat kuasanya Surat Pekeliling Am ini, maka Surat Pekeliling Am Bilangan 1 Tahun 2008 - Garis Panduan Mengenai Tatacara Memohon Kelulusan Teknikal Projek ICT Agensi Kerajaan dan Surat Pekeliling Am Bilangan 11 Tahun 2008 - Pindaan Kepada Surat Pekeliling Am Bil. 1 Tahun 2008 Mengenai Had Nilai Projek ICT Yang Memerlukan Kelulusan Teknikal JTICT/JPICT Bagi Permohonan\r\nYang Tidak Melibatkan Pembangunan Sistem Aplikasi adalah dibatalkan.', 6, 4, 13, 101, 101115, 3, 13, '2017-03-31', '2009-SPA 01-GARIS PANDUAN MENGENAI TATACARA MEMOHON KELULUSAN TEKNIKAL PROJEK ICT AGENSI KERAJAAN.pdf', 'srp_doc101.pdf', 3, '2017-03-31', '2009-04-30', '2015-11-11', '0000-00-00', 'Tiada data dimasukkan.', 'Tiada data dimasukkan.', '0000-00-00', 1, 1, 'Tatacara, Projek ICT, Kelulusan, Teknikal', NULL),
	(102, 1, 'Jawatankuasa IT Dan Internet Kerajaan (JITIK)', 2, 1999, 'Pekeliling ini bertujuan untuk menjelaskan mengenai penubuhan Jawatankuasa IT Dan Internet Kerajaan (JITIK) dan tindakan perlu diambil oleh agensi-agensi Kerajaan. Dengan pengedaran Pekeliling ini, Pekeliling Am Bil. 1 Tahun 1985 adalah dibatalkan.', 5, 4, 13, 101, 101115, 3, 13, '2017-04-12', '1999-PA 02-Jawatankuasa IT dan Internet Kerajaan (JITIK).pdf', 'srp_doc102.pdf', 3, '2017-04-12', '1999-04-01', '2006-11-13', '0000-00-00', 'Tiada data dimasukkan.', 'Tiada data dimasukkan.', '0000-00-00', 1, 1, 'JITIK, IT, Internet', NULL),
	(103, 1, 'Garis Panduan Malaysian Civil Service Link (MCSL) Dan Laman Web Agensi Kerajaan', 1, 2000, 'Pekeliling ini bertujuan untuk memaklumkan konsep dan pelaksanaan Malaysian Civil Service Link (MCSL) dan menyediakan panduan mengenai pembangunan dan penyenggaraan laman web agensi-agensi Kerajaan yang menjadi komponen penting MCSL. MCSL ialah satu sistem rangkaian yang menyalurkan maklumat dan menyediakan perkhidmatan dalam talian Perkhidmatan Awam yang dapat diakses melalui Internet. MCSL menggantikan CSL (Civil Service Link). MCSL mempunyai tiga komponen utama iaitu (a) laman web perdana MCSL, (b) laman web induk kementerian dan Kerajaan Negeri dan (c) laman web agensi-agensi Kerajaan. ', 5, 4, 13, 101, 101115, 3, 13, '2017-04-12', '2000-PA 01-Garis Panduan Malaysia Civil Service LINK (MCSL) dan Laman Web Agensi Kerajaan.pdf', 'srp_doc103.pdf', 3, '2017-04-12', '2000-05-30', '2006-11-06', '0000-00-00', 'Tiada data dimasukkan.', 'Tiada data dimasukkan.', '0000-00-00', 1, 1, 'MCSL, Laman Web', NULL),
	(104, 1, 'Pengurusan Laman Web/Portal Sektor Awam', 1, 2006, 'Dokumen ini bertujuan memberi panduan kepada agensi yang membangunkan portal bagi mencapai maklumat dan perkhidmatan yang berkualiti dan inklusif secara berpusat. Portal merupakan capaian utama kepada pelbagai maklumat dan aplikasi sesebuah agensi dan perkara yang perlu dipertimbangkan semasa pembangunan portal adalah: (1) Infrastruktur yang scalable mudah diubah mengikut perkembangan business; (2) Mempunyai Rangkakerja yang kukuh dan fleksibel; dan (3) Mempunyai rangka kerja yang mudah untuk pembangunan komponen-komponen portal.', 5, 4, 13, 101, 101115, 3, 13, '2017-04-12', '2006-PA 01-Pengurusan Laman Web Portal Sektor Awam.pdf', 'srp_doc104.pdf', 3, '2017-04-12', '2006-11-06', '2015-09-30', '0000-00-00', 'Tiada data dimasukkan.', 'Tiada data dimasukkan.', '0000-00-00', 1, 1, 'Laman Web, Portal', NULL),
	(105, 1, 'Panduan Pelaksanaan Sistem Pemulihan Perkhidmatan', 1, 1994, 'Surat Pekeliling ini bertujuan memberi penjelasan lanjut tentang konsep pemulihan perkhidmatan serta tindakan-tindakan pelaksanaan yang bersepadu. Konsep ini telah disentuh dalam Pekeliling Kemajuan Pentadbiran Awam Bil. 3 Tahun 1993 bertajuk Panduan Mengenai Piagam Pelanggan. Sebuah panduan bertajuk PANDUAN\r\nPELAKSANAAN SISTEM PEMULIHAN PERKHIDMATAN dikepilkan sebagai lampiran kepada Surat Pekeliling ini. Panduan ini memberikan penjelasan terperinci tentang konsep sistem pemulihan\r\nperkhidmatan dalam konteks pentadbiran awam. Ia memberi fokus kepada definisi konsep tersebut serta tindakan-tindakan bersepadu bagi mewujud dan menguruskan sistem pemulihan perkhidmatan yang terancang dan berkesan oleh agensi-agensi kerajaan. Pelaksanaan Surat Pekeliling ini akan menjadi pelengkap kepada PKPA Bil. 3 Tahun\r\n1993. ', 8, 3, 10, 101, 101115, 3, 13, '2017-04-03', '1994-SPKPA 01-PANDUAN PELAKSANAAN SISTEM PEMULIHAN PERKHIDMATAN.pdf', 'srp_doc105.pdf', 3, '2017-04-03', '1994-07-01', '2008-08-06', '0000-00-00', 'Tiada data dimasukkan.', 'Tiada data dimasukkan.', '0000-00-00', 1, 1, 'Pemulihan, Perkhidmatan', NULL),
	(106, 1, 'Panduan Pelaksanaan MS ISO 9000 Dan Skim Persijilan Sistem Kualiti oleh Agensi Kerajaan', 1, 1997, 'Surat Pekeliling ini bertujuan memberikan penjelasan lebih lanjut mengenai langkah-langkah pelaksanaan MS ISO 9000 di agensi-agensi Kerajaan yang terkandung dalam bahagian V - Cara Melaksanakan ISO 9000, PKPA Bil 2 Tahun 1996 dan Perlaksanaan Skim Persijilan Sistem Kualiti. Kerajaan telah membuat keputusan supaya MS ISO 9000 dilaksanakan di seluruh jentera pentadbiran Kerajaan. Pada 11 Julai 1996, Pekeililing Kemajuan Pentadbiran Awam Bilangan 2 Tahun 1996 - Garis Panduan Bagi Melaksanakan MS ISO 9000 Dalam Perkhidmatan Awam telah dilancarkan. Pelaksanaan MS ISO 9000 dalam perkhidmatan awam merupakan satu lagi usaha Kerajaan untuk terus meningkatkan keberkesanan dan kecekapan agensi-agensi Kerajaan dalam memberikan perkhidmatan kepada pelanggan. Pelaksanaan MS ISO 9000 akan membuka peluang kepada agensi Kerajaan untuk menambahbaik kualiti perkhidmatan kerana standard ini dapat memastikan perkhidmatan yang dihasilkan oleh agensi Kerajaan adalah konsisten tahap kualitinya. Pelaksanaan MS ISO 9000 juga bertindak sebagai penyokong dan pelengkap kepada usaha-usaha peningkatan kualiti yang telah dan sedang dilaksanakan oleh agensi-agensi Kerajaan.', 8, 3, 10, 101, 101115, 3, 13, '2017-04-03', '1997-SPKPA 01-Panduan Pelaksanaan MS ISO 9000 Dan Skim Persijilan Sistem Kualiti oleh Agensi Kerajaan.pdf', 'srp_doc106.pdf', 3, '2017-04-03', '1997-01-02', '2010-01-01', '0000-00-00', 'Tiada data dimasukkan.', 'Tiada data dimasukkan.', '0000-00-00', 1, 1, 'Persijilan, MS ISO 9000, Sistem Kualiti', NULL),
	(107, 1, 'Meningkatkan Keberkesanan Pengurusan Pengaduan Awam', 1, 2002, 'Surat Pekeliling Kemajuan Pentadbiran Awam ini bertujuan untuk menjelaskan mengenai langkah-langkah untuk meningkatkan peranan Biro Pengaduan Awam (BPA) sebagai sebuah agensi yang bertanggungjawab mengendalikan pengaduan awam sejajar dengan hasrat Kerajaan untuk meningkatkan tahap kualiti perkhidmatan oleh agensi-agensi awam kepada orang ramai. ', 8, 3, 10, 101, 101126, 3, 13, '2017-04-03', '2002-spkpa 01-Meningkatkan Keberkesanan Pengurusan Pengaduan Awam.pdf', 'srp_doc107.pdf', 3, '2017-04-03', '2002-01-12', '2012-03-30', '0000-00-00', 'Tiada data dimasukkan.', 'Tiada data dimasukkan.', '0000-00-00', 1, 1, 'Keberkesanan, Pengaduan Awam', NULL),
	(108, 1, 'Garis Panduan Bagi Melaksanakan MS ISO 9000:2000 Dalam Perkhidmatan Awam', 2, 2002, 'Surat pekeliling ini bertujuan untuk memberi penerangan dan panduan kepada agensi-agensi Kerajaan mengenai pelaksanaan standard MS ISO 9000:2000 dalam Perkhidmatan Awam. Satu garis panduan bertajuk Garis Panduan Bagi Melaksanakan MS ISO 9000:2000 Dalam Perkhidmatan Awam dikepilkan sebagai lampiran kepada surat\r\npekeliling ini. Pekeliling Kemajuan Pentadbiran Awam Bilangan 2 Tahun 1996 bertajuk Garis Panduan Bagi Melaksanakan MS ISO 9000 Dalam Perkhidmatan Awam telah dikeluarkan oleh Kerajaan pada 11 Julai 1996 untuk memandu agensi Kerajaan dalam pelaksanaan standard MS ISO 9000. Standard MS ISO 9000 adalah standard yang diiktiraf di peringkat antarabangsa bagi pengwujudan sistem pengurusan kualiti di\r\nsesebuah organisasi untuk mempastikan perkhidmatan yang diberikan memenuhi kehendak pelanggan. Pada tahun 1996, standard MS ISO 9000 yang sah digunapakai ialah MS ISO 9000 versi tahun 1994. Garis panduan yang dilampirkan dengan surat pekeliling ini mengandungi empat bahagian iaitu: (a) Pengenalan; (b) Standard MS ISO 9000:2000;\r\n(c) Keperluan Standard MS ISO 9000:2000 Dalam Perkhidmatan Awam; dan (d) Langkah-langkah Pelaksanaan MS ISO 9000:2000 Dalam Perkhidmatan Awam. Selain dari garis panduan ini, agensi-agensi Kerajaan digalakkan merujuk kepada siri standard MS ISO 9000:2000 yang dikeluarkan oleh SIRIM dan lain-lain buku rujukan MS ISO 9000:2000 untuk membantu dalam pelaksanaan standard ini.', 8, 3, 10, 101, 101115, 3, 13, '2017-04-03', '2002-SPKPA 02-Garis Panduan Bagi Melaksanakan MS ISO 9000 2000 dalam Perkhidmatan Awam.pdf', 'srp_doc108.pdf', 3, '2017-04-03', '2002-12-16', '2010-01-01', '0000-00-00', 'Tiada data dimasukkan.', 'Tiada data dimasukkan.', '0000-00-00', 1, 1, 'MS ISO 9000:2000, Perkhidmatan Awam', NULL),
	(109, 1, 'Panduan Meningkatkan Kualiti Layanan Urusan Melalui Telefon', 1, 1991, 'Pekeliling ini adalah bertujuan untuk menyampaikan panduan bagi membantu agensi-agensi Kerajaan dalam mengusahakan peningkatan kualiti perkhidmatan telefon di agensi masing-masing. Perkhidmatan telefon adalah merupakan salah satu perkhidmatan barisan hadapan yang terpenting. Imej sesuatu organisasi sering dipengaruhi oleh kualiti perkhidmatan telefon yang diberikan. Ketidakcekapan dalam perkhidmatan boleh menimbulkan masalah seperti maklumat yang disampaikan tidak tepat, lewat dan tidak jelas. Dalam suasana\r\nseperti ini sesebuah agensi itu bukan sahaja akan mendapati sukar untuk memenuhi kehendak pelanggan malah akan menghadapi berbagai halangan dalam melaksanakan berbagai fungsi yang ada padanya. Panduan ini adalah disediakan sebagai satu langkah perkhidmatan awam untuk memastikan bahawa masyarakat adalah sentiasa mendapat perkhidmatan yang berkualiti, khususnya ketika berurusan melalui telefon dengan agensi-agensi Kerajaan. ', 7, 3, 10, 101, 101115, 3, 13, '2017-04-03', '1991-PKPA 01-Panduan Meningkatkan Kualiti Layanan Urusan Melalui Telefon.pdf', 'srp_doc109.pdf', 3, '2017-04-03', '1991-01-09', '2008-08-06', '0000-00-00', 'Tiada data dimasukkan.', 'Tiada data dimasukkan.', '0000-00-00', 1, 1, 'Telefon, Kualiti, Layanan', NULL),
	(110, 1, 'Anugerah Inovasi Perkhidmatan Awam', 3, 1991, 'Pekeliling ini adalah bertujuan untuk memaklumkan kepada agensi-agensi Kerajaan mengenai sistem pemberian Anugerah Inovasi Perkhidmatan Awam kepada agensi-agensi dan anggota-anggota Perkhidmatan Awam yang telah berjaya memperkenalkan sesuatu inovasi dalam sistem Perkhidmatan Awam. Unit Pemodenan Tadbiran Malaysia (MAMPU) akan bertindak sebagai Urusetia bagi Anugerah Inovasi Perkhidmatan Awam. Kementerian-kementerian dan\r\nJabatan-jabatan adalah diminta untuk mengemukakan sebarang laporan tentang inovasi kepada urusetia untuk tindakan selanjutnya. Laporan yang dikemukakan hendaklah mengandungi tiga perkara berikut: (a) Kedudukan sebelum inovasi dilaksanakan; (b) Inovasi yang telah dilaksanakan; dan (c) Faedah-faedah dari inovasi yang telah dilaksanakan. Satu Pasukan Pelawat yang dianggotai oleh wakil-wakil daripada agensi-agensi pusat akan melawat agensi berkenaan dan mengesahkan bahawa inovasi telah dilaksanakan dan faedah-faedah diperolehi. Panel Memajukan Pentadbiran Awam akan meneliti laporan yang dikemukakan oleh Panel Pelawat dan memutuskan kelayakan sesuatu inovasi yang dilaksanakan oleh agensi berkenaan untuk diberi\r\nAnugerah Inovasi Perkhidmatan Awam. ', 7, 3, 10, 101, 101115, 3, 13, '2017-04-03', '1991-PKPA 03-Anugerah Inovasi Perkhidmatan Awam.pdf', 'srp_doc110.pdf', 3, '2017-04-03', '1991-04-01', '2006-05-19', '0000-00-00', 'Tiada data dimasukkan.', 'Tiada data dimasukkan.', '0000-00-00', 1, 1, 'Anugerah, Inovasi', NULL),
	(111, 1, 'Panduan Mengenai Sistem Penjadualan Yang Bersepadu (SIAP)', 5, 1991, 'Pekeliling ini adalah bertujuan untuk membantu Ketua-ketua Jabatan bagi menyediakan jadual pelaksanaan projek-projek pembangunan Kerajaan serta bagi mengurus, mengesan dan mengawasi pelaksanaan projek dengan menggunakan Sistem Penjadualan Yang Bersepadu (SIAP). Sistem Maklumat Agensi-agensi Pusat Yang Disatukan (SETIA) yang sedang digunakan sekarang ini lebih memberi tumpuan kepada prestasi kewangan. Sebagai usaha untuk mendapatkan maklumat yang lebih lengkap tentang kedudukan pelaksanaan sesuatu projek serta bagi mempertingkatkan keberkesanan penyelarasan, pelaksanaan dan pengurusan projek-projek pembangunan Kerajaan, satu sistem yang dikenali sebagai Sistem Penjadualan Yang Bersepadu (SIAP) diperkenalkan. Sistem penjadualan ini merupakan pelengkap kepada Sistem SETIA yang sedia ada. Sistem SETIA akan terus berperanan mengesan prestasi kewangan manakala Sistem SIAP pula akan memberi tumpuan kepada prestasi fizikal. Dengan menggunakan kedua-dua sistem tersebut, Pegawai-pegawai Pengawal dan Penguruspengurus Projek akan dapat mengawal serta menguruskan projek pembangunan masing-masing dengan lebih berkesan bagi mengelakkan ketidakupayaan berbelanja dan mempastikan projek disiapkan mengikut jadual. ', 7, 3, 10, 101, 101116, 3, 13, '2017-04-03', '1991-PKPA 05-Panduan mengenai Sistem Penjadualan yang Bersepadu (SIAP).pdf', 'srp_doc111.pdf', 3, '2017-04-03', '1991-07-01', '2012-03-30', '0000-00-00', 'Tiada data dimasukkan.', 'Tiada data dimasukkan.', '0000-00-00', 1, 1, 'SIAP, Sistem Penjadualan, Bersepadu', NULL),
	(112, 1, 'Panduan Mengenai Kumpulan Meningkat Mutu Kerja (KMK)', 7, 1991, 'Pekeliling ini mengandungi panduan mengenai pelaksanaan Kumpulan\r\nMeningkat Mutu Kerja (KMK) dalam Perkhidmatan Awam. Panduan Mengenai Pelaksanaan Kumpulan Meningkat Mutu Kerja Dalam Perkhidmatan Awam adalah seperti di lampiran kepada Pekeliling ini. Dengan pelancaran Gerakan Budaya Kerja Cemerlang pada tahun 1989, Kerajaan adalah menitikberatkan peranan yang dimainkan oleh pihak pengurusan dan juga kakitangan dalam usaha-usaha ke arah meningkatkan kualiti dalam jabatan-jabatan/pejabat-pejabat Kerajaan. Bagi tujuan ini, Kerajaan adalah menggalakkan penubuhan Pasukan-pasukan Kerja di peringkat pegawai atau KMK yang dianggotai oleh kakitangan di Kumpulan C dan D untuk menyelesaikan masalah-masalah di tempat kerja. Sumbangan kedua-dua pihak pengurusan dan juga KMK ke arah penyelesaian masalah dan seterusnya peningkatan produktiviti dan kualiti organisasi adalah penting dalam usaha Kerajaan untuk mewujudkan Pengurusan Kualiti Menyeluruh (Total Quality Management) di sektor awam. ', 7, 3, 10, 101, 101115, 3, 13, '2017-04-03', '1991-PKPA 07-Panduan Mengenai Kumpulan Meningkat Mutu Kerja (KMK).pdf', 'srp_doc112.pdf', 3, '2017-04-03', '1991-07-01', '2009-11-01', '0000-00-00', 'Tiada data dimasukkan.', 'Tiada data dimasukkan.', '0000-00-00', 1, 1, 'KMK, Mutu Kerja, Kumpulan', NULL),
	(113, 1, 'Panduan Mengenai Peningkatan Kualiti Perkhidmatan Kaunter', 10, 1991, 'Pekeliling ini bertujuan untuk menyampaikan panduan bagi membantu jabatan-jabatan Kerajaan yang memberikan perkhidmatan kaunter meningkatkan kualiti perkhidmatan masing-masing. Panduan ini sesuai dijadikan rujukan oleh pihak pengurusan jabatan/pejabat dan petugas kaunter dalam usaha untuk mempastikan bahawa perkhidmatan yang diberikan adalah berkualiti. Perkhidmatan kaunter adalah perkhidmatan barisan hadapan yang penting. Orang ramai yang menjadi pelanggan mempunyai kehendak dan harapan yang tinggi terhadap perkhidmatan kaunter yang diberikan oleh jabatan-jabatan Kerajaan. Perkhidmatan\r\nkaunter yang cepat dan tepat, akan memendekkan masa menunggu bagi pelanggan. Panduan ini disediakan sebagai satu langkah untuk mempastikan perkhidmatan kaunter yang diberikan oleh jabatan-jabatan Kerajaan adalah memuaskan hati pelanggan dan seterusnya mewujudkan perkhidmatan kaunter yang berkualiti. ', 7, 3, 10, 101, 101115, 3, 13, '2017-04-03', '1991-PKPA 10 -Panduan Mengenai Peningkatan Kualiti Perkhidmatan Kaunter.pdf', 'srp_doc113.pdf', 3, '2017-04-03', '1991-07-01', '2008-08-06', '0000-00-00', 'Tiada data dimasukkan.', 'Tiada data dimasukkan.', '0000-00-00', 1, 1, 'Kaunter, Kualiti, Perkhidmatan', NULL),
	(114, 1, 'Garis Panduan Perancangan Dan Penyediaan Projek Pembangunan', 2, 1992, 'Pekeliling ini adalah untuk memberi satu garis panduan mengenai perancangan dan penyediaan projek pembangunan yang boleh digunakan dalam penyediaan kertas projek bagi dikemukakan kepada Unit Perancang Ekonomi, Jabatan Perdana Menteri untuk kelulusan. Garis Panduan ini memberi kaedah-kaedah dan teknik-teknik bagi membantu pegawai Kerajaan di dalam penyediaan projek-projek pembangunan. Dengan adanya Pekeliling ini, Kerajaan berharap bahawa masalah di dalam perancangan dan pengurusan projek\r\nseperti ketidakcapaian (shortfall) di dalam perbelanjaan pembangunan dapat dikurangkan. Semua pegawai Kerajaan dengan ini dikehendaki mengambil perhatian bahawa semua permohonan baru hagi projek-projek pembangunan hendaklah berpandukan kepada Garis\r\nPanduan ini. Pekeliling ini hendaklah digunakan dengan merujuk kepada lain-lain pekeliling Seperti Pekeliling Am mengenai penyediaan rancangan lima tahun Malaysia dan Pekeliling Perbendaharaan mengenai garis panduan bagi penyediaan cadangan perbelanjaan\r\ntahunan.', 7, 3, 10, 101, 101117, 3, 13, '2017-04-03', '1992-PKPA 02-Garis Panduan Perancangan dan Penyediaan Projek Pembangunan.pdf', 'srp_doc114.pdf', 3, '2017-04-03', '1992-07-30', '2012-03-30', '0000-00-00', 'Tiada data dimasukkan.', 'Tiada data dimasukkan.', '0000-00-00', 1, 1, 'Perancangan, Penyediaan Projek, Pembangunan', NULL),
	(115, 1, 'Pengendalian Pengaduan Awam', 4, 1992, 'Pekeliling ini adalah bertujuan untuk memaklumkan pihak-pihak yang berkuasa mengenai sistem pengendalian pengaduan awam yang baru dan peranan mereka untuk melaksanakan sistem pengendalian pengaduan awam itu. Biro Pengaduan Awam, Jabatan Perdana Menteri adalah dipertanggungjawabkan untuk mengendalikan sistem pengaduan awam ini. Peranan Biro Pengaduan Awam di bawah sistem pengendalian pengaduan awam yang\r\nbaru ini ialah untuk menerima dan menyiasat pengaduan-pengaduan daripada orang awam mengenai ketidakpuasan mereka terhadap sebarang tindakan atau keputusan pentadbiran Kerajaan yang dirasai tidak adil, tidak mematuhi undang-undang dan peraturan yang sedia ada termasuk salahlaku, penyelewengan, salahguna kuasa, salah\r\ntadbir dan seumpamanya. Dengan ini Biro Pengaduan Awam akan menjadi sebuah pusat tumpuan\r\nutama orang awam mengemukakan pengaduan untuk mendapatkan pembelaan dan keadilan dalam urusan mereka dengan jentera pentadbiran Kerajaan.', 7, 3, 10, 101, 101115, 3, 13, '2017-04-03', '1992-pkpa 04 -PENGENDALIAN PENGADUAN AWAM.pdf', 'srp_doc115.pdf', 3, '2017-04-03', '1992-07-30', '2009-02-24', '0000-00-00', 'Tiada data dimasukkan.', 'Tiada data dimasukkan.', '0000-00-00', 1, 1, 'Pengaduan Awam, Pengendalian', NULL),
	(116, 1, 'Garis Panduan Mengenai Pemberian Anugerah Perkhidmatan Cemerlang Perkhidmatan Awam', 2, 1993, 'Pekeliling ini bertujuan untuk memberikan panduan mengenai pemberian Anugerah Perkhidmatan Cemerlang di dalam Perkhidmatan Awam. Kerajaan sentiasa berharap agar anggota-anggota awam sentiasa berusaha memupuk satu perkhidmatan awam yang bermutu tinggi dan cemerlang. Berbagai usaha telah dilakukan untuk memastikan anggota-anggota awam mencapai matlamat tersebut. Pemberian penghargaan Anugerah Perkhidmatan Cemerlang, seperti yang terdapat dalam Surat Pekeliling Am Bilangan 2 Tahun 1983, yang mengiktiraf perkhidmatan cemerlang adalah salah satu cara untuk mendorong anggota-anggota awam supaya sentiasa memberikan prestasi kerja yang cemerlang. Dengan pengeluaran Pekeliling Kemajuan Pentadbiran Awam Bil.2 Tahun 1993 ini, Surat Pekeliling Am Bil.2 Tahun 1983 adalah dibatalkan.', 7, 3, 10, 101, 101115, 3, 13, '2017-04-06', '1993-PKPA 02-Garis Panduan Mengenai Pemberian Anugerah Perkhidmatan Cemerlang Perkhidmatan Awam.pdf', 'srp_doc116.pdf', 3, '2017-04-06', '1993-01-27', '2002-11-22', '0000-00-00', 'Tiada data dimasukkan.', 'Tiada data dimasukkan.', '0000-00-00', 1, 1, 'Anugerah, Perkhidmatan, Cemerlang', NULL),
	(117, 1, 'Panduan Mengenai Piagam Pelanggan', 3, 1993, 'Pekeliling ini adalah bertujuan untuk menyampaikan panduan bagi membantu jabatan/agensi Kerajaan menyediakan Piagam Pelanggan ataupun Client\'s Charter bagi membolehkannya memberi perkhidmatan yang cepat, cekap dan menepati kemahuan pelanggan atau klientel masing-masing. Dengan wujudnya Piagam Pelanggan di jabatan/agensi adalah dijangka ia akan dapat membawa beberapa kebaikan di dalam Perkhidmatan Awam. Malahan, dengan adanya janji-janji yang dibuat oleh jabatan/agensi melalui Piagam-piagam ini, Perkhidmatan Awam akan dapat melahirkan anggota-anggota yang lebih berdisplin, sentiasa bersedia dan bertanggungjawab. Orang ramai pula akan mendapat peluang dari segi nilai wang yang dikeluarkan sama ada dalam bentuk bayaran perkhidmatan mahupun sebagai pembayar cukai. Panduan Mengenai Piagam Pelanggan ini menerangkan beberapa aspek utama\r\nberkaitan dengan Piagam Pelanggan. Aspek-aspek tersebut ialah: \r\n(i) Konsep Piagam Pelanggan; dan (ii) Pelaksanaan Piagam Pelanggan. ', 7, 3, 10, 101, 101115, 3, 13, '2017-04-03', '1993-pkpa 03-PANDUAN MENGENAI PIAGAM PELANGGAN.pdf', 'srp_doc117.pdf', 3, '2017-04-03', '1993-06-02', '2008-08-06', '0000-00-00', 'Tiada data dimasukkan.', 'Tiada data dimasukkan.', '0000-00-00', 1, 1, 'Piagam Pelanggan', NULL),
	(118, 1, 'Garis Panduan Bagi Melaksanakan MS ISO 9000 Dalam Perkhidmatan Awam', 2, 1996, 'Pekeliling ini bertujuan memberi penerangan dan panduan kepada Ketua-ketua Jabatan pelaksanaan standard MS ISO 9000 dalam perkhidmatan awam. Satu garis panduan yang bertajuk "Garis Panduan Bagi Melaksanakan MS ISO 9000 Dalam Perkhidmatan Awam" dikepilkan sebagai lampiran kepada pekeliling ini. Kerajaan telah memutuskan semua agensi Kerajaan melaksanakan MS ISO 9000 sebelum akhir tahun 2000. Bagi tujuan ini, ketua-ketua agensi dikehendaki menyediakan jadual pelaksanaan bagi memastikan matlamat tersebut tercapai.', 7, 3, 10, 101, 101115, 3, 13, '2017-04-03', '1996-PKPA 02-Garis Panduan Bagi Melaksanakan MS ISO 9000 Dalam Perkhidmatan Awam.pdf', 'srp_doc118.pdf', 3, '2017-04-03', '1996-07-11', '2010-01-01', '0000-00-00', 'Tiada data dimasukkan.', 'Tiada data dimasukkan.', '0000-00-00', 1, 1, 'MS ISO 9000, Perkhidmatan Awam', NULL),
	(119, 1, 'Garis Panduan Pemberian Anugerah Perkhidmatan Cemerlang Anggota Perkhidmatan Awam', 2, 2002, 'Pekeliling ini bertujuan menyediakan dasar dan kaedah bagi pemberian\r\nAnugerah Perkhidmatan Cemerlang kepada anggota Perkhidmatan Awam.  Anugerah Perkhidmatan Cemerlang (APC) merupakan penghargaan Kerajaan kepada anggota Perkhidmatan Awam yang telah memberi perkhidmatan yang cemerlang. Perkhidmatan cemerlang adalah perkhidmatan yang diberikan oleh seseorang anggota Perkhidmatan Awam yang mutu atau penghasilannya melebihi\r\ndaripada keperluan tanggungjawab biasa bagi jawatannya. Perkhidmatan yang diberikan itu boleh dijadikan contoh dan ikutan, serta memberi pengaruh yang menggerakkan kecergasan bekerja dan daya usaha anggota Perkhidmatan Awam yang lain. Dengan berkuatkuasanya Pekeliling ini, Pekeliling Kemajuan Pentadbiran\r\nAwam Bilangan 2 Tahun 1993 bertajuk Garis Panduan Mengenai Pemberian Anugerah Perkhidmatan Cemerlang Perkhidmatan Awam serta pindaan-pindaan yang berkaitan, iaitu Pekeliling Kemajuan Pentadbiran Awam Bil. 2 Tahun 1993 (Pindaan No. 1/1993); Pekeliling Kemajuan Pentadbiran Awam Bil. 2 Tahun 1993 (Pindaan No. 2/1993); Pekeliling Kemajuan Pentadbiran Awam Bil. 2 Tahun 1993\r\n(Pindaan No. 1/1995); Pekeliling Kemajuan Pentadbiran Awam Bil. 2 Tahun 1993 (Pindaan No. 1/1996) dan Pekeliling Kemajuan Pentadbiran Awam Bil. 2 Tahun 1993 (Pindaan No. 1/2000) adalah dibatalkan.', 7, 3, 10, 101, 101115, 2, 13, '2017-04-10', '2002-pkpa 02 -GARIS PANDUAN PEMBERIAN ANUGERAH PERKHIDMATAN CEMERLANG ANGGOTA PERKHIDMATAN AWAM.pdf', 'srp_doc119.pdf', 3, '2017-04-10', '2002-11-22', '0000-00-00', '0000-00-00', 'Tiada data dimasukkan.', 'Tiada data dimasukkan.', '0000-00-00', 1, 1, 'APC, Anugerah, Perkhidmatan, Cemerlang', NULL),
	(120, 1, 'Panduan Bagi Mewujudkan Pejabat Perkhidmatan Pelanggan Di Agensi Kerajaan', 1, 2005, 'Pekeliling ini bertujuan untuk memberi penerangan dan panduan kepada agensi Kerajaan bagi mewujudkan Pejabat Perkhidmatan Pelanggan di agensi masing-masing. Pekeliling ini mengandungi penerangan mengenai konsep dan keperluan-keperluan yang perlu disediakan bagi membolehkan Pejabat Perkhidmatan Pelanggan beroperasi. ', 7, 3, 10, 101, 101115, 3, 13, '2017-03-28', '2005-PKPA 01-GARIS PANDUAN BAGI MEWUJUDKAN PEJABAT PERKHIDMATAN PELANGGAN DI AGENSI KERAJAAN.pdf', 'srp_doc120.pdf', 3, '2017-03-28', '2005-01-03', '2008-08-06', '0000-00-00', 'Tiada data dimasukkan.', 'Tiada data dimasukkan.', '0000-00-00', 1, 1, 'Pejabat, Perkhidmatan, Pelanggan', NULL),
	(121, 1, 'Garis Panduan Sistem Perakaunan Mikro (SPM)', 3, 1992, 'Pekeliling ini mengandungi garis panduan bagi membantu Ketua-ketua Jabatan melaksanakan Sistem Perakaunan Mikro (SPM) yang bertujuan untuk menentukan kos output jabatan. Garis panduan SPM yang dikeluarkan ini memperkenalkan konsep SPM, menggariskan keperluan-keperluan asas untuk melaksanakan SPM, model SPM, strategi dan kaedah pelaksanaannya. Sistem Perakaunan Mikro akan dilaksanakan di semua Kementerian/Jabatan secara berperingkat-peringkat. Latihan-latihan yang perlu bagi pelaksanaan SPM akan\r\ndisediakan oleh pihak INTAN dengan kerjasama dan bantuan MAMPU, Jabatan Akauntan Negara dan Unit Sistem Pengurusan Kewangan, Perbendaharaan Malaysia. Pegawai-pegawai Pengawal atau pegawai-pegawai berkenaan yang memerlukan maklumat lanjut dalam pelaksanaan Pekeliling ini bagi agensi masing-masing bolehlah\r\nmenghubungi Jabatan Akauntan Negara. ', 7, 3, 10, 101, 101115, 4, 13, '2017-03-29', '1992-PKPA 03-Garis Panduan Sistem Perakaunan Mikro (SPM).pdf', 'srp_doc121.pdf', 3, '2017-03-29', '1992-07-30', '0000-00-00', '0000-00-00', 'Tiada data dimasukkan.', 'Tiada data dimasukkan.', '2012-04-09', 101115, 103102, 'SPM, Perakaunan, Mikro', NULL),
	(122, 1, 'Organisasi Kementerian-kementerian', 2, 1982, 'Pekeliling ini mengganti Pekeliling Am Bil.1 Tahun 1971. Ia memberikan panduan asas bagi menyusun Kementerian-kementerian sesuai dengan prinsip-prinsip pengurusan moden yang baik untuk menambahkan lagi kebolehan Kementerian-kementerian dalam merancang, melaksana, mentadbir dan menilai program-program pembangunan negara. Pekeliling ini menentukan bahawa Ketua Setiausaha Kementerian adalah Eksekutif Utama dalam sesuatu organisasi yang mempunyai matlamat-matlamat serta objektif-objektif tertentu. Beliau mempunyai tanggungjawab sepenuhnya bagi mencapai matlamat-matlamat dan objektif-objektif itu melalui proses dan tindakan pentadbiran.', 5, 3, 10, 101, 101115, 4, 13, '2017-04-12', '1982-PA 02-Organisasi Kementerian-kementerian.pdf', 'srp_doc122.pdf', 3, '2017-04-12', '1982-08-01', '0000-00-00', '0000-00-00', 'Tiada data dimasukkan.', 'Tiada data dimasukkan.', '2012-04-09', 101115, 101108, 'Organisasi, Kementerian', NULL),
	(123, 1, 'Pemakaian Tanda Nama', 8, 1983, 'Pekeliling ini bertujuan untuk menyeragamkan pemakaian dan penggunaan tanda nama di kalangan kakitangan kerajaan dan badan-badan berkanun sebagai satu daripada usaha untuk meningkatkan perkhidmatan awam khasnya dalam bidang perhubungan awam,', 6, 3, 10, 101, 101115, 4, 13, '2018-04-09', '1983-SPA 08-Pemakaian Tanda Nama.pdf', 'srp_doc123.pdf', 21, '2018-04-09', '1983-10-14', '0000-00-00', '0000-00-00', 'Tiada data dimasukkan.', 'Tiada data dimasukkan.', '2012-04-09', 101115, 101108, 'Pemakaian, Tanda Nama, 1983', NULL),
	(124, 1, 'Pelaksanaan Permohonan Kelulusan Teknikal Dan Pemantauan Projek Teknologi Maklumat dan Komunikasi (ICT) Menggunakan Sistem Aplikasi Profil Projek ICT Sektor Awam (PROFIT) Agensi Sektor Awam', 1, 2016, 'Surat Arahan ini bertujuan memaklumkan semua agensi sektor awam hendaklah mengambil tindakan menggunakan sistem PROFIT di agensi masing-masing bagi mengemukakan permohonan projek ICT untuk kelulusan teknikal serta memantau dan melapor status kemajuan pembangunan dan pelaksanaan projek ICT yang telah diluluskan. Sebarang ketidakpatuhan kepada penggunaan sistem PROFIT ini akan memberi kesan terhadap permohonan kelulusan teknikal projek ICT agensi berkenaan. Bagi melancarkan pelaksanaan sistem PROFIT, peranan dan tanggungjawab agensi yang telah ditetapkan adalah seperti dinyatakan dalam Lampiran. Agensi Kerajaan boleh memuat turun Manual Pengguna PROFIT melalui (a) Portal MAMPU di http://www.mampu.gov.my atau (b) Sistem PROFIT di http://profitv2.mampu.gov.my.', 11, 4, 14, 101, 101115, 2, 3, '2017-04-05', '2016-Pelaksanaan Permohonan Kelulusan Teknikal dan Pemantauan Projek ICT Menggunakan Sistem Aplikasi PROFIT Sektor Awam.pdf', 'srp_doc124.pdf', 3, '2017-04-05', '2016-02-19', '0000-00-00', '0000-00-00', 'Tiada data dimasukkan.', 'Tiada data dimasukkan.', '0000-00-00', 1, 1, 'ICT, Profit, JTISA', 'Tiada data dimasukkan.'),
	(125, 1, 'Pelan Strategik ICT Sektor Awam 2016 - 2020', 3, 2016, 'Pelan Strategik ICT Sektor Awam (PSICTSA) 2016 - 2020 telah dilancarkan oleh YBhg. Ketua Setiausaha Negara pada 22 November 2016 dan merupakan dokumen utama untuk memacu pelaksanaan Kerajaan Digital bagi tempoh lima tahun akan datang. PSICTSA merangkumi lima teras strategik, 12 strategik dan 30 program yang dikenalpasti sebagai pemacu strategik pembangunan dan pelaksanaan ICT Sektor Awam. Semua Ketua Jabatan hendaklah menjadikan PSICTSA sebagai rujukan dan panduan utama di agensi-agensi Kerajaan dalam perancangan dan pelaksanaan inisiatif ICT bagi memastikan pencapaian outcome yang lebih berkesan serta memberi impak. Pemantauan oleh MAMPU ke atas pembangunan pelan strategik ICT di agensi adalah sejajar dengan PSICTSA. Maklumat lanjut mengenai PSICTSA boleh dimuat turun melalui laman web MAMPU di http://www.mampu.gov.my.', 11, 4, 14, 101, 101115, 2, 3, '2017-04-17', '2016-SAKP_Surat Edaran dan Buku Pelan Strategik ICT.2.pdf', 'srp_doc125.pdf', 3, '2017-04-17', '2016-12-15', '0000-00-00', '0000-00-00', 'Tiada data dimasukkan.', 'Tiada data dimasukkan.', '0000-00-00', 1, 1, 'PSICTSA, ', 'Tiada data dimasukkan.'),
	(126, 1, 'Garis Panduan Tindakan Ke Atas Sokongan Yang Diterima Daripada Pemimpin Kerajaan, Individu Berpengaruh Atau Mana-Mana Orang Mengenai Sesuatu Urusan Kerajaan', 2, 2010, 'Garis panduan ini bertujuan menerangkan kepada penjawat awam mengenai tindakan ke atas sokongan yang diterima daripada pemimpin Kerajaan, individu berpengaruh atau mana-mana orang mengenai sesuatu urusan Kerajaan.', 4, 3, 10, 101, 101115, 2, 3, '2017-04-17', '2010-GP-Garis Panduan Tindakan Ke Atas Sokongan.pdf', 'srp_doc126.pdf', 3, '2017-04-17', '2010-03-08', '0000-00-00', '0000-00-00', 'Tiada data dimasukkan.', 'Tiada data dimasukkan.', '0000-00-00', 1, 1, 'Sokongan, Individu Berpengaruh, ', 'Tiada data dimasukkan.'),
	(127, 1, 'Penggabungan Pelaporan Pasukan Petugas Bagi Mengurangkan Kerenah Birokrasi (PPMKB) Dan Laporan Kajian Semula Sistem & Prosedur Serta Undang-Undang & Peraturan', 1, 2007, 'Ketua Setiausaha Negara dalam surat edaran bertarikh 17 Disember 2003 kepada semua Ketua Setiausaha Kementerian telah menjelaskan Terma Rujukan PPMKB serta tindakan yang perlu diambil bagi melaksanakan arahan-arahan YAB Perdana Menteri. Format pelaporan PPMKB telah ditambah baik dengan membuat pindaan seperti yang terkandung dalam surat KSN bertarikh 21 Disember 2005. Garis panduan dan format baru pelaporan yang menggabungkan laporan PPMKB dan laporan kajian semula sistem dan prosedur serta undang-undang dan peraturan adalah seperti di Lampiran. Garis panduan ini juga boleh dicapai melalui lama web MAMPU di http://www.mampu.gov.my. Penghantaran laporan adalah secara suku tahunan. Kementerian dikehendaki mengemukakan laporan suku tahunan dalam bentuk softcopy mulai suku tahun kedua tahun 2007.', 4, 3, 10, 101, 101115, 2, 3, '2017-04-17', '2007-GP-Penggabungan Pelaporan Pasukan Petugas.pdf', 'srp_doc127.pdf', 3, '2017-04-17', '2007-05-30', '0000-00-00', '0000-00-00', 'Tiada data dimasukkan.', 'Tiada data dimasukkan.', '0000-00-00', 1, 1, 'Pelaporan, Pasukan Petugas, PPMKB', 'Tiada data dimasukkan.'),
	(128, 1, 'Pembatalan Pemansuhan PKPA Bilangan 2 Tahun 2002 : Garis Panduan Pemberian Anugerah Perkhidmatan Cemerlang Anggota Perkhidmatan Awam', 0, 2012, 'Surat Arahan ini memaklumkan dengan mengambil kira keputusan Kerajaan untuk mengekalkan Sistem Saraan Malaysia dengan penambahbaikan yang sewajarnya, maka semua urusan perkhidmatan termasuklah pemberian Anugerah Perkhidmatan Cemerlang akan menggunapakai ketetapan dan peraturan yang berkuatkuasa sebelum 1 Januari 2012. Selaras dengan keputusan tersebut, maka dengan ini Pekeliling Kemajuan Perkhidmatan Awam Bilangan 2 Tahun 2002 : "Garis Panduan Pemberian Anugerah Perkhidmatan Cemerlang Anggota Perkhidmatan Awam" dikuatkuasakan semula bagi membolehkan pelaksanaan Anugerah Perkhidmatan Cemerlang anggota perkhidmatan awam diteruskan pada tahun 2012. Sehubungan dengan itu, perkara 3.iii dalam surat Ketua Pengarah MAMPU, rujukan MAMPU.BPP.100-1/11 Jld.2 (20) bertarikh 30 Mac 2012 adalah dibatalkan.', 11, 3, 19, 101, 101115, 2, 3, '2017-03-29', '2012-SA KP-Pembatalan Pemansuhan PKPA 2 Tahun 2002 Garis Panduan Pemberian APC Anggota Perkhidmatan Awam.pdf', 'srp_doc128.pdf', NULL, '2017-03-29', '2012-05-10', '0000-00-00', '0000-00-00', 'Tiada data dimasukkan.', 'Tiada data dimasukkan.', '0000-00-00', 1, 1, 'Pembatalan, APC', 'Tiada data dimasukkan.'),
	(129, 1, 'Pindaan Kepada SPA Bil.1 Tahun 1995 Mengenai Penyediaan Laporan Ringkasan Kedudukan Kewangan Dan Prestasi Tahunan Badan-badan Berkanun Persekutuan', 6, 2004, 'Surat Pekeliling ini bertujuan memaklumkan mengenai pindaan kepada perenggan 3 dalam Surat Pekeliling Am Bil.1 Tahun 1995 mengenai format Laporan Ringkasan Kedudukan Kewangan dan Prestasi Tahunan Badan-badan Berkanun Persekutuan untuk di bentang dalam Mesyuarat Jemaah Menteri selepas berakhirnya sesuatu tahun kewangan.', 6, 3, 19, 101, 101115, 2, 3, '2017-04-04', '2004-SPA 06-Penyediaan Laporan Ringkasa Kedudukan Kewangan dan Prestasi Tahunan Badan Berkanun Persekutuan (Pindaan Kepada SPA 1 Tahun 1995).pdf', 'srp_doc129.pdf', 3, '2017-04-04', '2004-10-29', '0000-00-00', '0000-00-00', 'Tiada data dimasukkan.', 'Tiada data dimasukkan.', '0000-00-00', 1, 1, ':Laporan Ringkasan Kedudukan Kewangan, Badan-badan Berkanun Persekutuan', 'Tiada data dimasukkan.'),
	(130, 1, 'Panduan Bagi Data Custodianship Infrastruktur Kebangsaan Bagi Sistem Maklumat Tanah', 1, 2001, 'Surat pekeliling ini bertujuan menyediakan panduan mengenai data custodianship sebagai kaedah bagi memastikan akauntabiliti terhadap pengurusan dan penyenggaraan data berkaitan tanah di kalangan agensi-agensi Kerajaan yang terlibat dalam pelaksanaan Infrastruktur Kebangsaan Bagi Sistem Maklumat Tanah [National Infrastructure for Land Information System (NaLIS)]. Kerajaan telah membangunkan Infrastruktur Kebangsaan Bagi Sistem Maklumat Tanah (NaLIS) dan pekeliling mengenainya telah pun dikeluarkan melalui Pekeliling Kemajuan Pentadbiran Awam Bilangan 1 Tahun 1997 bertajuk Panduan Mengenai Penubuhan Infrastruktur Kebangsaan Bagi Sistem Maklumat Tanah [National Infrastructure for Land Information System (NaLIS)] yang berkuatkuasa mulai 2 Januari 1997. Bagi menentukan kecekapan dan keberkesanan dalam pengurusan infrastruktur ini, penekanan perlu diberi kepada akauntabiliti agensi pembekal data dalam memastikan kepentingan Kerajaan terpelihara dan maklumat peribadi serta kerahsiaan terjamin dan sentiasa dilindungi. Ini boleh dilakukan melalui kaedah data custodianship. Kaedah ini mempunyai beberapa faedah lain termasuk mengelakkan pertindihan dan pembaziran dalam pengutipan dan penyenggaraan data; membantu memudahkan aktiviti kutipan data, pengeluaran produk dan pengurusan produk tambah nilai. Garis panduan mengenai data custodianship adalah seperti yang dilampirkan kepada surat pekeliling ini. Ia menjelaskan tujuan, konsep, faedah-faedah dan prinsip-prinsip utama data custodianship. Garis panduan ini juga menjelaskan hak-hak dan tanggungjawab data custodian, kriteria pemilihan data custodian, penilaian oleh NaLIS, perlantikan agensi tunjak (lead agency), tanggungjawab pengguna, pengurusan produk tambahnilai dan liabiliti.\r\n4. Semua agensi Kerajaan yang terlibat adalah diminta untuk mengambil perhatian kepada panduan yang disediakan dan mengambil tindakan yang sewajarnya.', 8, 3, 19, 101, 101115, 4, 3, '2017-04-17', '2001-SPKPA 01-Panduan Bagi Data Custodianship Infrastruktur Kebangsaan Bagi Sistem Maklumat Tanah.pdf', 'srp_doc130.pdf', 3, '2017-04-17', '2001-10-01', '0000-00-00', '0000-00-00', 'Tiada data dimasukkan.', 'Tiada data dimasukkan.', '2012-04-09', 101115, 141102, 'NaLIS, Custodianship', 'Tiada data dimasukkan.'),
	(131, 1, 'Panduan Mengenai Penubuhan Infrastruktur Kebangsaan Bagi Sistem Maklumat Tanah / National Infrastructure For Land Information System (NaLIS)', 1, 1997, 'Tujuan Pekeliling ini adalah untuk memberi panduan kepada Ketua-ketua Setiausaha Kementerian, Ketua-ketua Jabatan Persekutuan, Negeri dan Penguasa-penguasa Tempatan berhubung dengan penubuhan Sistem Infrastruktur Kebangsaan bagi Maklumat Tanah/National Infrastructure for Land Information System (NaLIS).', 7, 3, 19, 101, 101115, 4, 3, '2017-04-04', '1997-PKPA 01-Panduan Mengenai Penubuhan Sistem Infrastruktur Kebangsaan Bagi Maklumat Tanah (NaLIS).pdf', 'srp_doc131.pdf', 3, '2017-04-04', '1997-01-02', '0000-00-00', '0000-00-00', 'Tiada data dimasukkan.', 'Tiada data dimasukkan.', '2012-04-09', 101115, 141102, 'NaLIS', 'Tiada data dimasukkan.'),
	(132, 1, 'Pemansuhan Keperluan Mengemukakan Laporan Polis Yang Tidak Merupakan Suatu Kehendak Undang-undang Dalam Berurusan Dengan Agensi Kerajaan', 3, 2011, 'Pekeliling Am ini bertujuan untuk memaklumkan agensi-agensi Kerajaan mengenai keputusan Kerajaan memansuhkan keperluan orang awam untuk mengemukakan laporan polis bagi urusan-urusan Kerajaan yang laporan polis tersebut tidak merupakan suatu kehendak undang-undang, serta tindakan-tindakan susulan yang perlu diambil untuk melaksanakan keputusan tersebut.', 5, 3, 19, 101, 101115, 2, 3, '2017-04-12', '2011-PA 03-Pemansuhan Keperluan Mengemukakan Laporan Polis.pdf', 'srp_doc132.pdf', 3, '2017-04-12', '2011-09-29', '0000-00-00', '0000-00-00', 'Tiada data dimasukkan.', 'Tiada data dimasukkan.', '0000-00-00', 1, 1, 'Laporan Polis, PDRM', 'Tiada data dimasukkan.'),
	(133, 1, 'Langkah-langkah Untuk Memperkukuhkan Keselamatan Rangkaian Setempat Tanpa Wayar (Wireless Local Area Network) Di Agensi-Agensi Kerajaan', 1, 2006, 'Surat Arahan ini memaklumkan Unit Pemodenan Tadbiran dan Perancangan Pengurusan Malaysia (MAMPU) telah membuat satu kajian mengenai penggunaan dan vulnerabilities rangkaian komputer setempat tanpa wayar (wireless LAN) dalam sektor awam, dan laporan kajian telah pun disediakan. Laporan ini telah dibentangkan di dalam\r\nmesyuarat Ketua-Ketua Jabatan Persekutuan Bilangan 3 Tahun\r\n2006 pada hari Isnin, 9 Oktober 2006. Hasil penemuan dalam laporan yang dibentangkan oleh MAMPU menunjukkan sebahagian besar peralatan Wireless LAN yang dipasang di agensi-agensi kerajaan mempunyai tahap keselamatan yang rendah dan tidak memenuhi tahap keselamatan ICT seperti yang dinyatakan di dalam Malaysian Public Sector Management of ICT Security Handbook (MyMIS) yang dikeluarkan oleh MAMPU pada tahun 2001. Kegagalan mematuhi tahap\r\nkeselamatan Wireless LAN boleh menjadi salah satu saluran oleh\r\npihak yang tidak berkenaan atau yang berkepentingan untuk memasuki atau menceroboh ke dalam sistem komputer agensi dengan mudah. Sehubungan dengan itu, adalah perlu bagi agensi-agensi Kerajaan membuat kajian terperinci dan memberi pertimbangan khusus dari sudut keselamatan maklumat sebelum menggunakan Wireless LAN yang akan disambung kepada rangkaian atau sistem komputer yang digunakan untuk menyimpan, menghantar dan menerima maklumat terperingkat. Agensi-agensi juga hendaklah memastikan langkah-langkah keselamatan diambil, sebelum melaksanakan Wireless LAN. ', 3, 4, 15, 101, 101115, 2, 3, '2017-04-04', '2006 SA KSN Langkah Langkah Untuk Memperkukuhkan Keselamatan Rangkaian Setempat Tanpa Wayar (Wireless LAN).pdf', 'srp_doc133.pdf', 3, '2017-04-04', '2006-10-20', '0000-00-00', '0000-00-00', 'Tiada data dimasukkan.', 'Tiada data dimasukkan.', '0000-00-00', 1, 1, 'Wireless LAN, ', 'Tiada data dimasukkan.'),
	(134, 1, 'Langkah-langkah Meningkatkan Keberkesanan Sistem Penyampaian Perkhidmatan Kerajaan Menerusi Pemantapan Pengurusan Dan Pengendalian Perkhidmatan Helpdesk Unit Khidmat Pelanggan', 2, 2007, 'Surat Arahan ini memaklumkan Kerajaan telah mengeluarkan Pekeliling Kemajuan Pentadbiran Awam Bilangan 1 Tahun 2005 - Panduan Bagi Mewujudkan Pejabat Perkhidmatan Pelanggan Di Agensi Kerajaan sebagai satu usaha untuk memudahkan pelanggan berurusan dan mendapatkan maklumat mengenai perkhidmatan agensi Kerajaan. Pekeliling ini turut menggariskan pelaksanaan Unit Khidmat Pelanggan yang berperanan sebagai helpdesk untuk memberi maklumat atau jawapan kepada pertanyaan pelanggan mengenai isu dan masalah yang dikemukakan. Namun, pelaksanaan perkhidmatan helpdesk di agensi Kerajaan didapati masih tidak mencapai tahap yang diharapkan. Keadaan ini boleh mempengaruhi persepsi umum tentang prestasi sistem penyampaian perkhidmatan Kerajaan. Dalam usaha meningkatkan keberkesanan perkhidmatan helpdesk ini, agensi Kerajaan perlu menyediakan pelbagai saluran untuk memudahkan pelanggan berurusan. Antara saluran tersebut adalah seperti surat-menyurat, e-mel, telefon, laman web dan portal serta layanan bersemuka. Dalam hubungan ini, semua agensi Kerajaan hendaklah mengambil tindakan untuk memantapkan pengurusan dan pengendalian perkhidmatan pelanggan menerusi perkhidmatan helpdesk yang cekap dan berkesan seperti yang digariskan.', 11, 3, 10, 101, 101115, 2, 3, '2017-04-17', 'SA KP 2007 Langkah langkah meningkatkan keberkesanan sistem penyampaian perkhidmatan.pdf', 'srp_doc134.pdf', 3, '2017-04-17', '2007-07-09', '0000-00-00', '0000-00-00', 'Tiada data dimasukkan.', 'Tiada data dimasukkan.', '0000-00-00', 1, 1, 'helpdesk, Unit Khidmat Pelanggan', 'Tiada data dimasukkan.'),
	(135, 1, 'Garis Panduan Manual Pengurusan Aset Menyeluruh', 1, 2009, 'Garis panduan ini bertujuan memberi informasi berkenaan pengurusan aset kerajaan secara pendekatan Pengurusan Aset Menyeluruh (PAM). Manual Pengurusan Aset Menyeluruh (MPAM) telah disediakan untuk dijadikan panduan oleh semua Kementerian/Jabatan dalam melaksanakan Pengurusan Aset Menyeluruh', 4, 3, 10, 101, 101115, 2, 13, '2017-04-17', 'manual pengurusan aset menyeluruh.pdf', 'srp_doc135.pdf', 3, '2017-04-17', '2009-03-27', '0000-00-00', '0000-00-00', 'Tiada data dimasukkan.', 'Tiada data dimasukkan.', '0000-00-00', 1, 1, 'Manual, Aset, Menyeluruh, Pengurusan', 'Tiada data dimasukkan.'),
	(136, 1, 'Projek Printis Analitis Data Raya Sektor Awam (DRSA)', 1, 2017, 'Memberi panduan kepada agensi sektor awam bagi melaksanakan analitis data raya dengan mengguna pakai kaedah atau metodologi yang bersesuaian ke arah meningkatkan produktiviti dan kecekapan perkhidmatan awam. ', 4, 4, 14, 101, 101115, 2, 13, '2017-04-12', '2017-PTPA 1_2017-Metodologi Data Raya Sektor Awam V1_1 (1).pdf', 'srp_doc136.pdf', 3, '2017-04-12', '2017-01-03', '0000-00-00', '0000-00-00', 'Tiada data dimasukkan.', 'Tiada data dimasukkan.', '0000-00-00', 1, 1, 'DRSA, Analitis, Data Raya, Sektor Awam', 'Tiada data dimasukkan.'),
	(137, 1, 'Perkhidmatan Enjin Carian Rasmi Kerajaan (1AKSES)', 1, 2015, '1AKSES adalah sebuah portal carian rasmi Kerajaan yang khusus, Search Engine Malaysia - 1GovSearch yang memberikan hasil carian yang cepat, tepat dan relevan serta standard di setiap laman web/portal Kementerian dan Agensi Kerajaan. Mesyuarat Panel CIO Sektor Awam pada 10 April 2013 bersetuju dengan Pembangunan Mekanisme Carian Rasmi Kandungan Digital Kerajaan (1GovSearch). Mesyuarat CCI NKEA EPP6 E-Government yang dipengerusikan oleh Pengerusi MCMC (SKMM) telah meluluskan projek 1GovSearch pada 19 April 2013. Mesyuarat Jawatankuasa IT dan Internet Kerajaan (JITIK) Bil.1/2013 pada 12 Julai 2013 yang dipengerusikan oleh YBhg. Tan Sri Mohd Zabidi Zainal, Ketua Pengarah Perkhidmatan Awam memutuskan bahawa Unit Pemodenan Tadbiran dan Perancangan Pengurusan Malaysia (MAMPU), Jabatan Perdana Menteri menerajui pembangunan mekanisme carian rasmi kandungan digital Kerajaan Malaysia khusu (search engine Malaysia) yang lebih efisien, sistematik dan seragam serta penglibatan dan kerjasama agensi semasa pelaksanaan enjin carian rasmi Kerajaan. Semua agensi adalah DIGALAKKAN untuk menggunakan perkhidmatan 1AKSES yang telah siap dibangunkan.', 4, 4, 6, 101, 101115, 2, 13, '2017-04-17', '2015-MANUAL_PENGGUNA_1AKSES_V4.0_.pdf', 'srp_doc137.pdf', 3, '2017-04-17', '2015-05-11', '0000-00-00', '0000-00-00', 'Tiada data dimasukkan.', 'Tiada data dimasukkan.', '0000-00-00', 1, 1, '1AKSES, Enjin, Carian Rasmi, Kerajaan, Perkhidmatan', 'Tiada data dimasukkan.'),
	(138, 1, 'Pengurusan Kesinambungan Perkhidmatan Agensi Sektor Awam', 2, 2010, 'Pelaksanaan pengurusan kesinambungan perkhidmatan di agensi-agensi Sektor Awam adalah penting bagi meminimumkan impak ke atas sistem penyampaian perkhidmatan agensi akibat dari gangguan atau bencana di samping memastikan kesinambungan dalam sistem penyampaian perkhidmatan Kerajaan. Selaras dengan itu, satu dokumen Pengurusan Kesinambungan Perkhidmatan Agensi Sektor Awam telah disediakan bagi agensi-agensi Sektor Awam bertujuan untuk memaklumkan dasar pelaksanaan pengurusan kesinambungan perkhidmatan dan menyediakan garis panduan dan program pelaksanaan pengurusan kesinambungan perkhidmatan bagi agensi Sektor Awam. Ketua-ketua Jabatan adalah dipohon untuk mengambil tindakan sewajarnya bagi meningkatkan kualiti kesinambungan dalam penyampaian perkhidmatan agensi Sektor Awam.', 11, 3, 10, 101, 101115, 2, 13, '2017-04-17', '2010 SA KP- Pengurusan Kesinambungan Perkhidmatan Agensi Sektor Awam.pdf', 'srp_doc138.pdf', 3, '2017-04-17', '2010-01-22', '0000-00-00', '0000-00-00', 'Tiada data dimasukkan.', 'Tiada data dimasukkan.', '0000-00-00', 1, 1, 'Kesinambungan, Pengurusan, Sektor Awam,Perkhidmatan', 'Tiada data dimasukkan.'),
	(139, 1, 'Keputusan Kerajaan Mengenai Klasifikasi Kaum Dalam Borang-Borang Rasmi Kerajaan', 2, 2016, 'Surat Arahan ini memaklumkan bahawa Kerajaan pada 27 April 2016 telah memutuskan supaya klasifikasi kaum dalam borang-borang rasmi Kerajaan ditetapkan seperti berikut: (i) Melayu (ii) Cina (iii) India (iv) Dayak (v) Kaum: ..... (Sila nyatakan). Dalam masa yang sama, Kerajaan juga telah memutuskan supaya keputusan ini dilaksanakan secara pentadbiran oleh kementerian/jabatan/agensi Kerajaan.', 11, 3, 10, 101, 101115, 2, 3, '2017-04-17', '2016- Keputusan Kerajaan Mengenai Klasifikasi Kaum Dalam Borang-borang Rasmi Kerajaan (1).pdf', 'srp_doc139.pdf', 3, '2017-04-17', '2016-04-27', '0000-00-00', '0000-00-00', 'Tiada data dimasukkan.', 'Tiada data dimasukkan.', '0000-00-00', 1, 1, 'Klasifikasi Kaum, Borang-Borang Rasmi Kerajaan', 'Tiada data dimasukkan.'),
	(140, 1, 'Digital Document Management System 2.0 (DDMS 2.0)', 2, 2015, 'Sistem DDMS 2.0 adalah perisian yang bertujuan', 4, 4, 6, 101, 101115, 2, 3, '2017-04-10', 'Panduan Pengguna DDMS2.0 upd5.9.2016.pdf', 'srp_doc140.pdf', NULL, '2017-04-10', '2015-05-26', '0000-00-00', '0000-00-00', 'Tiada data dimasukkan.', 'Tiada data dimasukkan.', '0000-00-00', 1, 1, 'DDMS 2.0, ', 'Tiada data dimasukkan.'),
	(141, 1, 'Panduan Pengurusan Perhubungan Pelanggan', 1, 2008, 'Pekeliling ini adalah bertujuan untuk memberikan panduan bagi membantu jabatan/agensi Kerajaan untuk memperkemaskan Pengurusan Perhubungan Pelanggan supaya lebih responsif, cekap dan berkesan.', 7, 3, 10, 101, 101115, 2, 3, '2017-04-11', 'Surat PKPA Bil 1 Tahun 2008 Panduan Pengurusan Perhubungan Pelanggan.pdf', 'srp_doc141.pdf', NULL, '2017-04-11', '2008-08-06', '0000-00-00', '0000-00-00', 'Tiada data dimasukkan.', 'Tiada data dimasukkan.', '0000-00-00', 1, 1, 'Pengurusan Perhubungan Pelanggan', 'Tiada data dimasukkan.'),
	(142, 1, 'Sistem Kod Aset Tak Alih (SKATA)', 3, 2012, 'Pekeliling ini bertujuan untuk menjelaskan pelaksanaan penggunaan Sistem Kod Aset Tak Alih Kerajaan (SKATA) yang merupakan dokumen sokongan kepada Manual Pengurusan Aset Menyeluruh Kerajaan (MPAM) dan Tatacara Pengurusan Aset Tak Alih (TPATA). Sistem kod aset adalah salah satu aspek penting dalam proses pengurusan data dan maklumat aset kerajaan. Amalan semasa dalam penyediaan kod aset kerajaan adalah tidak seragam dan bergantung kepada praktis agensi masing-masing. Ketidakseragaman kod antara agensi mengakibatkan penyelarasan pengurusan aset kerajaan gagal dilaksanakan secara berkesan. Pekeliling ini terpakai kepada semua Kementerian/Jabatan/Agensi Kerajaan Persekutuan. Pekeliling ini terpakai kepada semua Perkhidmatan Negeri, Badan Berkanun Persekutuan dan Negeri serta Pihak Berkuasa Tempatan tertakluk kepada penerimaan dan pengubahsuaian sewajarnya oleh pihak-pihak berkuasa tempatan.', 5, 3, 19, 101, 101115, 2, 3, '2017-04-12', 'PA Bil 3 2012 - SKATA.pdf', 'srp_doc142.pdf', NULL, '2017-04-12', '2012-06-21', '0000-00-00', '0000-00-00', 'Tiada data dimasukkan.', 'Tiada data dimasukkan.', '0000-00-00', 1, 1, 'Sistem Kod Aset, Pengurusan, Dokumen', 'Tiada data dimasukkan.'),
	(143, 1, 'Panduan Pengurusan Perhubungan Pelanggan', 0, 2008, 'Pekeliling ini adalah bertujuan untuk memberikan panduan bagi membantu jabatan/agensi Kerajaan untuk memperkemaskan Pengurusan Perhubungan Pelanggan supaya lebih responsif, cekap dan berkesan. Panduan ini mengadungi ciri-ciri kualiti perkhidmatan pelanggan dan aspek-aspek pengurusan perhubungan pelanggan. Pengurusan Perhubungan Pelanggan merupakan satu pendekatan menmyeluruh untuk menawarkan perkhidmatan yang dapat memenuhi kehendak dan kepuasan pelanggan melalui pengurusan interaksi dan perhubungan yang cekap antara jabatan/agensi dengan pelanggan. Ketua-ketua jabatan/agensi adalah diminta untuk memastikan kejayaan pelaksanaan pekeliling ini di jabatan/agensi masing-masing.', 7, 3, 19, 101, 101115, 2, 13, '2017-06-01', 'panduan pengurusan.pdf', 'srp_doc143.pdf', NULL, '2017-06-01', '2008-08-06', '0000-00-00', '0000-00-00', 'Tiada data dimasukkan.', 'Tiada data dimasukkan.', '0000-00-00', 1, 1, 'Perhubungan Pelanggan, Panduan, Pengurusan', 'Tiada data dimasukkan.'),
	(144, 1, 'Pelaksanaan Kumpulan Wang Amanah Pembangunan Projek ICT Sektor Awam (KWAICT) ', 4, 2017, 'Pekeliling ini bertujuan untuk menjelaskan tentang pengurusan Kumpulan Wang Amanah Pembangunan Projek ICT Sektor Awam (KWAICT). Penubuhan KWAICT bertujuan untuk menggalakkan pembangunan projek ICT menggunakan kepakaran dalaman dan memberikan ganjaran kepada pasukan projek yang berjaya menjimatkan kos bagi Kerajaan. KWAICT ini juga bertujuan untuk meningkatkan kepakaran dalaman melalui pembiayaan Program Peningkatan Kompetensi dan Profesionalisme Pegawai Skim Perkhidmatan Teknologi Maklumat Sektor Awam. Bagi menggalakkan lebih banyak penghasilan produk ICT tempatan, KWAICT juga menyediakan pembiayaan Program Penyelidikan dan Pembangunan ICT (R & D ICT) Sektor Awam. Antara contoh produk ICT tempatan termasuklah aplikasi, perkakasan berasaskan perisian, kaedah, rangka kerja dan model yang dibangunkan atau dihasilkan.', 9, 4, 14, 101, 101115, 2, 13, '2017-11-17', 'PTPA Bil 04 2017 - KWAICT.pdf', 'srp_doc144.pdf', NULL, '2017-11-17', '2017-11-15', '0000-00-00', '0000-00-00', 'Tiada data dimasukkan.', 'Tiada data dimasukkan.', '0000-00-00', 1, 1, 'KWAICT, WANG AMANAH, PROJEK ICT, KUMPULAN', 'Tiada data dimasukkan.'),
	(145, 1, 'Panduan Pelaksanaan Sistem Pengurusan Kualiti Berasaskan MS ISO 9001 : 2015 Bagi Agensi Sektor Awam', 1, 2018, 'Panduan Pelaksanaan Sistem Pengurusan Kualiti Berasaskan MS ISO 9001 : 2015 Bagi Agensi Sektor Awam ini bertujuan sebagai rujukan kepada agensi bagi melaksanakan Sistem Pengurusan Kualiti (SPK) berasaskan MS ISO 9001 : 2015 pada peringkat agensi.', 9, 3, 10, 101, 101115, 2, 13, '2018-04-20', 'PTPA Bil. 1 Tahun 2018 Panduan Pelaksanaan SPK berasaskan MS ISO 9001 2015 bagi Agensi Sektor Awam.pdf', 'srp_doc145.pdf', 21, '2018-04-20', '2018-01-18', '0000-00-00', '0000-00-00', 'Tiada data dimasukkan.', 'Tiada data dimasukkan.', '0000-00-00', 1, 1, 'ISO, MS ISO 9001, 2015, Sistem, Pengurusan, Kualiti ', 'Tiada data dimasukkan.'),
	(146, 1, 'Panduan Pengurusan Projek ICT Sektor Awam (PPrISA)', 3, 2018, 'Pekeliling ini bertujuan untuk memaklumkan kepada ketua-ketua jabatan Kerajaan mengenai panduan yang sistematik dan menyeluruh tentang aspek pengurusan projek teknologi maklumat dan komunikasi (ICT) melalui Pengurusan Projek ICT Sektor Awam (PPrISA).', 9, 4, 13, 101, 101115, 2, 13, '2018-04-03', 'PTPA Bil. 3 Tahun 2018 -Pekeliling PPriSA.pdf', 'srp_doc146.pdf', 13, '2018-04-03', '2018-03-01', '0000-00-00', '0000-00-00', 'Tiada data dimasukkan.', 'Tiada data dimasukkan.', '0000-00-00', 1, 1, 'PPrISA, Panduan, Pengurusan, Projek, ICT, Sektor Awam', 'Tiada data dimasukkan.'),
	(147, 1, 'Panduan Pengurusan Projek ICT Sektor Awam (PPrISA)', 1, 2018, 'Panduan ini bertujuan untuk memberi panduan komprehensif untuk menguruskan projek Teknologi Maklumat dan Komunikasi atau Information and Communication Technology (ICT) di agensi-agensi Sektor Awam. Panduan PPrISA (Pengurusan Projek ICT Sektor Awam) mengandungi tatacara untuk melaksanakan projek-projek ICT dari Fasa Permulaan, ke Fasa Perancangan, seterusnya ke Fasa Pelaksanaan dan Kawalan dan akhir sekali ke Fasa Penamatan. Setiap fasa mengandungi templat-templat yang boleh digunakan sebagai dokumen rasmi dalam menguruskan projek-projek ICT.', 4, 4, 13, 101, 101115, 2, 13, '2018-05-31', 'PTPA Bil. 3 Tahun 2018 - Buku Panduan PPrISA.pdf', 'srp_doc147.pdf', 21, '2018-05-31', '2018-03-01', '0000-00-00', '0000-00-00', 'Tiada data dimasukkan.', 'Tiada data dimasukkan.', '0000-00-00', 1, 1, 'Panduan, Pengurusan, Projek, ICT, Sektor Awam, PPrISA', 'Tiada data dimasukkan.'),
	(148, 1, 'MyMESYUARAT: EKOSISTEM PENGURUSAN MESYUARAT ERA DIGITAL', 2, 2018, 'Panduan ini bertujuan untuk menerangkan kepada agensi Kerajaan berkaitan tata cara pengurusan mesyuarat secara digital ke arah pengendalian mesyuarat yang lebih sistematik, seragam dan efektif.', 9, 3, 10, 101, 101115, 2, 13, '2018-04-05', 'PTPA BIL. 2 2018  MYMESYUARAT - EKOSISTEM PENGURUSAN MESYUARAT  ERA DIGITAL.pdf', 'srp_doc148.pdf', NULL, '2018-04-05', '2018-03-01', '0000-00-00', '0000-00-00', 'Tiada data dimasukkan.', 'Tiada data dimasukkan.', '0000-00-00', 1, 1, 'MyMESYUARAT, EKOSISTEM, PENGURUSAN, MESYUARAT, ERA DIGITAL', 'Tiada data dimasukkan.');
/*!40000 ALTER TABLE `dokumen` ENABLE KEYS */;

-- Dumping structure for table srp1_0b.dokumen_bak20170302
CREATE TABLE IF NOT EXISTS `dokumen_bak20170302` (
  `kod_dok` int(11) unsigned NOT NULL AUTO_INCREMENT,
  `tajuk_dok` varchar(150) DEFAULT NULL,
  `bil_dok` int(3) DEFAULT NULL,
  `tahun_dok` int(4) DEFAULT NULL,
  `des_dok` text DEFAULT NULL COMMENT 'penerangan ringkas kandungan dokumen',
  `kod_kat` int(11) DEFAULT NULL,
  `kod_sektor` int(11) DEFAULT NULL,
  `kod_bah` int(11) DEFAULT NULL,
  `kod_kem` int(11) DEFAULT NULL,
  `kod_jab` int(11) DEFAULT NULL,
  `kod_status` int(11) DEFAULT NULL,
  `id_pendaftar` int(11) DEFAULT NULL COMMENT 'asal: id_pengguna',
  `tarikh_dok` date DEFAULT NULL COMMENT 'tarikh daftar dokumen di dalam sistem',
  `nama_dok_asal` varchar(150) DEFAULT NULL,
  `nama_dok_disimpan` varchar(150) DEFAULT NULL,
  `id_pengemaskini` int(11) DEFAULT NULL,
  `tarikh_kemaskini` date DEFAULT NULL,
  `tarikh_wujud` date DEFAULT NULL COMMENT 'tarikh dokumen diterbitkan',
  `tarikh_mansuh` date DEFAULT NULL,
  `tarikh_pinda` date DEFAULT NULL,
  `tajuk_dok_asal` varchar(150) DEFAULT NULL,
  `tajuk_dok_baharu` varchar(150) DEFAULT NULL,
  `tarikh_serah` date DEFAULT NULL,
  `kod_jab_asal` int(11) DEFAULT NULL,
  `kod_jab_baharu` int(11) DEFAULT NULL,
  `tag_dokumen` text DEFAULT NULL,
  PRIMARY KEY (`kod_dok`),
  KEY `bil_dok` (`bil_dok`),
  KEY `tahun_dok` (`tahun_dok`),
  KEY `kod_kat` (`kod_kat`),
  KEY `kod_status` (`kod_status`),
  KEY `kod_sektor` (`kod_sektor`),
  KEY `kod_bah` (`kod_bah`),
  FULLTEXT KEY `dokumen_index` (`tajuk_dok`,`des_dok`,`tag_dokumen`)
) ENGINE=InnoDB AUTO_INCREMENT=19 DEFAULT CHARSET=latin1 ROW_FORMAT=DYNAMIC;

-- Dumping data for table srp1_0b.dokumen_bak20170302: ~16 rows (approximately)
/*!40000 ALTER TABLE `dokumen_bak20170302` DISABLE KEYS */;
INSERT INTO `dokumen_bak20170302` (`kod_dok`, `tajuk_dok`, `bil_dok`, `tahun_dok`, `des_dok`, `kod_kat`, `kod_sektor`, `kod_bah`, `kod_kem`, `kod_jab`, `kod_status`, `id_pendaftar`, `tarikh_dok`, `nama_dok_asal`, `nama_dok_disimpan`, `id_pengemaskini`, `tarikh_kemaskini`, `tarikh_wujud`, `tarikh_mansuh`, `tarikh_pinda`, `tajuk_dok_asal`, `tajuk_dok_baharu`, `tarikh_serah`, `kod_jab_asal`, `kod_jab_baharu`, `tag_dokumen`) VALUES
	(1, 'Penamaan Ketua Pegawai Maklumat Sektor Awam', 1, 2000, 'Penamaan Ketua Pegawai Maklumat Sektor Awam', 3, 4, 5, 101, 101115, 2, 0, '2017-02-08', '2000-SA KSN-Penamaan Ketua Pegawai Maklumat Sektor Awam.pdf', 'srp_doc1.pdf', 9, '2017-02-08', '2000-03-22', '0000-00-00', '0000-00-00', 'Tiada data dimasukkan.', 'Tiada data dimasukkan.', '0000-00-00', 101115, 101115, 'ksn'),
	(2, 'Langkah-langkah untuk Memperkukuhkan Keselamatan Rangkaian Setempat di Agensi-agensi Kerajaan', 1, 2006, 'Langkah-langkah untuk Memperkukuhkan Keselamatan Rangkaian Setempat di Agensi-agensi Kerajaan', 3, 4, 5, 101, 101115, 2, 0, '2017-01-19', '', '', NULL, '2017-01-19', '2006-10-20', '0000-00-00', '0000-00-00', 'Tiada data dimasukkan.', 'Tiada data dimasukkan.', '0000-00-00', 101115, 101115, 'ksn surat dokumen'),
	(4, 'Dasar Perkhidmatan Prasarana Kunci Awam Kerajaan [Government Public Key Infrastructure (GPKI)]', 3, 2015, 'Menjelaskan kepada ketua - ketua jabatan kerajaan mengenai dasar perkhidmatan Prasarana Kunci Awam Kerajaan [Government Public Key Infrastructure (GPKI)] bagi memantapkan tahap keselamatan data dan maklumat sistem teknologi maklumat dan komunikasi (ICT) kerajaan dalam menyokong inisiatif perkhidmatan digital kerajaan', 7, 4, 5, 101, 101115, 4, 0, '2017-01-19', 'Dasar Perkhidmatan Prasarana Kunci Awam Kerajaan', 'srp_doc1.pdf', NULL, '2017-01-19', '2015-10-23', '0000-00-00', '0000-00-00', 'Tiada data dimasukkan.', 'Tiada data dimasukkan.', '2017-01-20', 101115, 101104, 'PKI, GPKI, ICT, Perkhidmatan'),
	(5, 'Pengurusan Laman Web Agensi Sektor Awam', 2, 2015, 'Memaklumkan ketua - ketua jabatan kerajaan mengenai panduan melaksanakan pengurusan laman web agensi sektor awam yang berkesan bagi menyokong inisiatif perkhidmatan awam selaras dengan perkembangan teknologi terkini dan penyampaian perkhidmatan yang berpaksikan rakyat', 7, 4, 5, 101, 101115, 2, 0, '2017-02-02', '', '', 1, '2017-02-02', '2015-09-30', '0000-00-00', '0000-00-00', 'Tiada data dimasukkan.', 'Tiada data dimasukkan.', '0000-00-00', 101115, 101115, 'QR Code, RSS, JPICT'),
	(6, 'Panduan Menambahbaik Sistem Penyampaian Perkhidmatan Kerajaan Menerusi Perkhidmatan Pesanan Ringkas (SMS)', 3, 2008, 'Memberi panduan mengenai tatacara dam mekanisme menambahbaik penyampaian perkhidmatan menerusi penggunaan sistem pesanan ringkas (SMS) di agensi - agensi Kerajaan', 7, 4, 5, 101, 101115, 2, 1, '2016-10-31', '2006-SA KSN-Langkah-Langkah Untuk Memperkukuhkan Keselamatan Rangkaian Setempat Tanpa Wayar Wireless Local Area Network Di Agensi-Agensi Kerajaan.pdf', 'srp_doc6.pdf', NULL, '2016-10-31', '2008-11-25', '0000-00-00', '0000-00-00', 'Tiada data dimasukkan.', 'Tiada data dimasukkan.', '0000-00-00', 101115, 101115, 'SMS, MySMS, SRS'),
	(7, 'Panduan Menambah Baik Penyampaian Perkhidmatan Menerusi Penggunaan Kios di Agensi-Agensi Kerajaan ', 2, 2008, 'Memberi  panduan  bagi  membantu  jabatan/agensi  Kerajaan mengenai  tatacara  dan  mekanisme  menambah  baik  penyampaian  perkhidmatan  menerusi penggunaan kios di agensi Kerajaan', 7, 4, 5, 101, 101115, 2, 1, '2016-10-31', '2000-SA KSN-Penamaan Ketua Pegawai Maklumat Sektor Awam.pdf', 'srp_doc7.pdf', NULL, '2016-10-31', '2008-10-16', '0000-00-00', '0000-00-00', 'Tiada data dimasukkan.', 'Tiada data dimasukkan.', '0000-00-00', 101115, 101115, 'SOP, SLA, Kios'),
	(8, 'Garis Panduan Mengenai Tatacara Penggunaan Internet & Mel Elektronik Di Agensi-agensi Kerajaan', 1, 2003, 'Menyediakan garis panduan mengenai tatacara penggunaan Internet dan mel elektronik di agensi-agensi Kerajaan serta perkara-perkara berkaitan yang perlu diberi perhatian dan diambil tindakan oleh agensi-agensi Kerajaan', 7, 4, 2, 101, 101115, 2, 1, '2017-01-31', '2000-SA KSN-Penamaan Ketua Pegawai Maklumat Sektor Awam.pdf', 'srp_doc8.pdf', 1, '2017-01-31', '2003-11-28', '0000-00-00', '0000-00-00', 'Tiada data dimasukkan.', 'Tiada data dimasukkan.', '0000-00-00', 101115, 101115, 'Internet, GCERT, MyMIS, Mel Elektronik'),
	(9, 'Pelaksanaan Data Terbuka Sektor Awam', 1, 2015, 'Menyediakan garis panduan dalam pelaksanaan data terbuka agensi sektor awam bagi menggalakkan perkongsian data, meningkatkan sistem penyampaian perkhidmatan kerajaan dengan lebih mudah, cepat dan telus serta menggalakkan pertumbuhan ekonomi negara', 12, 4, 5, 101, 101115, 2, 0, '2017-02-02', 'srp_doc10.pdf', 'srp_doc9.pdf', 1, '2017-02-02', '2015-09-30', '0000-00-00', '0000-00-00', 'Tiada data dimasukkan.', 'Tiada data dimasukkan.', '0000-00-00', 101115, 101115, 'Open Data, Data Terbuka, CCI, NKEA, DTSA'),
	(10, 'Pelaksanaan Kumpulan Wang Amanah Pembangunan Projek ICT Sektor Awam (KWAICT)', 3, 2014, 'Menjelaskan tentang pengurusan Kumpulan Wang Amanah Pembangunan Projek ICT Sektor Awam (KWAICT)', 12, 4, 5, 101, 101115, 2, 1, '2017-01-31', '2006-SA KSN-Langkah-Langkah Untuk Memperkukuhkan Keselamatan Rangkaian Setempat Tanpa Wayar Wireless Local Area Network Di Agensi-Agensi Kerajaan.pdf', 'srp_doc10.pdf', 1, '2017-01-31', '2014-09-02', '0000-00-00', '0000-00-00', 'Tiada data dimasukkan.', 'Tiada data dimasukkan.', '0000-00-00', 101115, 101115, 'Wang Amanah. KWAICT, PTM, R & D ICT'),
	(11, 'Pengukuhan Tadbir Urus Jawatankuasa IT Dan Internet Kerajaan', 2, 2006, 'Menerangkan mengenai pengukuhan tadbir urus Jawatankuasa IT dan Internet Kerajaan (JITIK) dan jawatankuasa-jawatankuasa kecil di bawahnya', 12, 4, 5, 101, 101115, 2, 1, '2016-10-31', '2000-SA KSN-Penamaan Ketua Pegawai Maklumat Sektor Awam.pdf', 'srp_doc11.pdf', NULL, '2016-10-31', '2006-11-13', '0000-00-00', '0000-00-00', 'Tiada data dimasukkan.', 'Tiada data dimasukkan.', '0000-00-00', 101115, 101115, 'JTIT, IT, JITIK'),
	(12, 'Penggunaan Dan Pemakaian Data Dictionary Sektor Awam (DDSA) Sebagai Standard Di Agensi-Agensi Kerajaan', 2, 2002, 'Menjelaskan penggunaan Data Dictionary Sektor Awam (DDSA) sebagai standard di semua agensi kerajaan serta menerangkan tindakan yang perlu diambil oleh agensi-agensi kerajaan dalam melaksanakannya', 12, 4, 5, 101, 101115, 2, 1, '2016-10-31', '2000-SA KSN-Penamaan Ketua Pegawai Maklumat Sektor Awam.pdf', 'srp_doc12.pdf', NULL, '2016-10-31', '2002-09-02', '0000-00-00', '0000-00-00', 'Tiada data dimasukkan.', 'Tiada data dimasukkan.', '0000-00-00', 101115, 101115, 'DDSA, Data, GIS'),
	(13, 'Mekanisme Pelaporan Insiden Keselamatan Teknologi Maklumat dan Komunikasi (ICT)', 1, 2001, 'Menjelaskan mekanisme pelaporan insiden keselamatan teknologi maklumat dan komunikasi (ICT) bagi sektor awam', 12, 4, 5, 101, 101115, 3, 1, '2017-02-02', '2000-SA KSN-Penamaan Ketua Pegawai Maklumat Sektor Awam.pdf', 'srp_doc13.pdf', 1, '2017-02-02', '2001-04-04', '2017-02-02', '0000-00-00', 'Tiada data dimasukkan.', 'Tiada data dimasukkan.', '0000-00-00', 101115, 101115, 'MyCERT, ICT, GCERT'),
	(14, 'Arahan Teknologi Maklumat', 1, 2007, 'Arahan Teknologi Maklumat versi Bahasa Malaysia', 2, 4, 4, 101, 101115, 3, 0, '2017-02-02', '2007-Arahan Teknologi Maklumat [VERSI BM].pdf', 'srp_doc14.pdf', 1, '2017-02-02', '2007-12-01', '2017-02-02', '1970-01-01', 'Tiada data dimasukkan.', 'Tiada data dimasukkan.', '1970-01-01', 101115, 101115, 'Arahan Teknologi Maklumat [VERSI BM]'),
	(16, 'Pekeliling Transformasi  ICT', 132, 2018, 'Pekeliling Transformasi Bil 132/2018', 3, 3, 9, 101, 101115, 3, 1, '2017-02-07', 'Copy of Copy of Copy of template upah praktikal2017.pdf', 'srp_doc16.pdf', 9, '2017-02-07', '2017-01-31', '1982-08-20', '0000-00-00', 'Tiada data dimasukkan.', 'Tiada data dimasukkan.', '0000-00-00', 101115, 101115, 'HRMIS, Harta, Tambahan, Tambahan1, Tambahan2, Tambahan3'),
	(17, 'Surat Arahan KP Baru', 10, 2017, 'Surat Arahan KP Baru', 3, 4, 5, 101, 101115, 5, 1, '2017-02-02', 'srp_doc10.pdf', 'srp_doc17.pdf', 7, '2017-02-02', '2017-10-01', '0000-00-00', '2017-02-11', 'Dipinda', 'kepada', '0000-00-00', 101115, 101115, 'Surat Arahan, KP'),
	(18, 'Pekeliling Transformasi Bil 22/2009', 22, 2009, 'Pekeliling Transformasi Bil 22/2009 Pekeliling Transformasi Bil 22/2009 Pekeliling Transformasi Bil 22/2009', 9, 3, 12, 101, 101115, 3, 7, '2017-02-06', 'Bringing ID Federations and User Communities Closer.pdf', 'srp_doc18.pdf', 7, '2017-02-06', '2009-02-03', '2017-01-01', '0000-00-00', 'Tiada data dimasukkan.', 'Tiada data dimasukkan.', '0000-00-00', 1, 1, 'Cuti Rehat, HRMIS, LNPT, Tambahan1');
/*!40000 ALTER TABLE `dokumen_bak20170302` ENABLE KEYS */;

-- Dumping structure for table srp1_0b.dok_sokongan
CREATE TABLE IF NOT EXISTS `dok_sokongan` (
  `id` int(11) unsigned NOT NULL AUTO_INCREMENT,
  `kod_dok_fk` int(11) DEFAULT NULL,
  `nama_dok_asal` varchar(150) CHARACTER SET utf8 DEFAULT NULL,
  `nama_dok_disimpan` varchar(150) DEFAULT NULL,
  PRIMARY KEY (`id`),
  KEY `kod_dok_fk` (`nama_dok_disimpan`,`kod_dok_fk`)
) ENGINE=InnoDB DEFAULT CHARSET=latin1 COMMENT='Menyimpan semua dokumen sokongan yang berkaitan dengan rekod daripada table dokumen.';

-- Dumping data for table srp1_0b.dok_sokongan: ~0 rows (approximately)
/*!40000 ALTER TABLE `dok_sokongan` DISABLE KEYS */;
/*!40000 ALTER TABLE `dok_sokongan` ENABLE KEYS */;

-- Dumping structure for table srp1_0b.gelaran_nama
CREATE TABLE IF NOT EXISTS `gelaran_nama` (
  `kod_gelaran_nama` int(11) unsigned NOT NULL AUTO_INCREMENT,
  `gelaran_nama` varchar(100) DEFAULT NULL,
  `id_pengemaskini` int(11) DEFAULT NULL,
  `tkh_kemaskini` datetime DEFAULT NULL,
  `papar_data` tinyint(1) DEFAULT NULL,
  PRIMARY KEY (`kod_gelaran_nama`),
  FULLTEXT KEY `gelaran_nama` (`gelaran_nama`)
) ENGINE=InnoDB AUTO_INCREMENT=14 DEFAULT CHARSET=latin1;

-- Dumping data for table srp1_0b.gelaran_nama: ~13 rows (approximately)
/*!40000 ALTER TABLE `gelaran_nama` DISABLE KEYS */;
INSERT INTO `gelaran_nama` (`kod_gelaran_nama`, `gelaran_nama`, `id_pengemaskini`, `tkh_kemaskini`, `papar_data`) VALUES
	(1, 'Tiada pilihan dibuat', 1, '2016-10-10 10:17:16', NULL),
	(2, 'Dato\\\' Dr.', 21, '2018-04-13 17:45:38', 1),
	(3, 'Dato\\\' Sri', 1, '2016-10-06 11:24:21', 1),
	(4, 'Datin', 1, '2016-10-07 16:17:08', 1),
	(5, 'Dr.', 7, '2017-01-19 17:22:47', 1),
	(6, 'Tn. Hj.', 1, '2016-10-07 16:17:37', 1),
	(7, 'Pn. Hjh.', 1, '2016-10-07 16:17:52', 1),
	(8, 'Tn.', 1, '2016-10-07 16:18:12', 1),
	(9, 'Pn.', 1, '2016-10-07 16:18:38', 1),
	(10, 'En.', 1, '2016-10-10 09:32:38', 1),
	(11, 'Cik', 1, '2016-10-10 15:19:46', 1),
	(12, 'Tan Sri', 1, '2016-10-10 10:01:49', NULL),
	(13, 'Datin Sri', 1, '2016-10-10 10:02:53', NULL);
/*!40000 ALTER TABLE `gelaran_nama` ENABLE KEYS */;

-- Dumping structure for table srp1_0b.jabatan
CREATE TABLE IF NOT EXISTS `jabatan` (
  `kod_jab` int(11) unsigned NOT NULL AUTO_INCREMENT,
  `nama_jab` varchar(200) DEFAULT NULL,
  `kod_kem` int(11) DEFAULT NULL,
  `papar_data` tinyint(1) DEFAULT 1,
  `tkh_kemaskini` datetime DEFAULT NULL,
  `id_pengemaskini` int(11) DEFAULT NULL,
  PRIMARY KEY (`kod_jab`),
  FULLTEXT KEY `nama_jab` (`nama_jab`)
) ENGINE=InnoDB AUTO_INCREMENT=148403 DEFAULT CHARSET=latin1;

-- Dumping data for table srp1_0b.jabatan: ~218 rows (approximately)
/*!40000 ALTER TABLE `jabatan` DISABLE KEYS */;
INSERT INTO `jabatan` (`kod_jab`, `nama_jab`, `kod_kem`, `papar_data`, `tkh_kemaskini`, `id_pengemaskini`) VALUES
	(1, 'Tiada Pilihan Dibuat', NULL, 0, NULL, NULL),
	(101101, 'Parlimen Malaysia', 101, 1, NULL, NULL),
	(101102, 'Pejabat Penyimpan Mohor Besar Raja-Raja', 101, 1, NULL, NULL),
	(101103, 'Peruntukan Diraja Bagi Seri Paduka Baginda Yang Dipertuan Agong (Istana Negara)', 101, 1, NULL, NULL),
	(101104, 'Jabatan Audit Negara', 101, 1, NULL, NULL),
	(101105, 'Suruhanjaya Pilihan Raya Malaysia (SPR)', 101, 1, NULL, NULL),
	(101106, 'Suruhanjaya Perkhidmatan Awam', 101, 1, NULL, NULL),
	(101107, 'Suruhanjaya Perkhidmatan Pelajaran', 101, 1, NULL, NULL),
	(101108, 'Jabatan Perkhidmatan Awam', 101, 1, NULL, NULL),
	(101109, 'Jabatan Perangkaan Malaysia', 101, 1, NULL, NULL),
	(101110, 'Jabatan Peguam Negara', 101, 1, NULL, NULL),
	(101111, 'Suruhanjaya Pencegahan Rasuah Malaysia (SPRM)', 101, 1, NULL, NULL),
	(101112, 'Pejabat Ketua Pendaftaran Mahkamah Persekutuan', 101, 1, NULL, NULL),
	(101113, 'Bahagian Hal Ehwal Undang-Undang', 101, 1, NULL, NULL),
	(101115, 'Unit Pemodenan Tadbiran & Perancangan Pengurusan Malaysia (MAMPU)', 101, 1, NULL, NULL),
	(101116, 'Unit Penyelarasan Pelaksanaan (ICU)', 101, 1, NULL, NULL),
	(101117, 'Unit Perancang Ekonomi (EPU)', 101, 1, NULL, NULL),
	(101118, 'Bahagian Penyelidikan', 101, 1, NULL, NULL),
	(101119, 'Majlis Keselamatan Negara (MKN)', 101, 1, NULL, NULL),
	(101122, 'Pejabat Setiausaha Persekutuan Sabah', 101, 1, NULL, NULL),
	(101123, 'Pejabat Setiausaha Persekutuan Sarawak', 101, 1, NULL, NULL),
	(101124, 'Bahagian Istiadat dan Urus Setia Antarabangsa', 101, 1, NULL, NULL),
	(101125, 'Bahagian Pengurusan Hartanah', 101, 1, NULL, NULL),
	(101126, 'Biro Pengaduan Awam', 101, 1, NULL, NULL),
	(101127, 'Biro Tatanegara', 101, 1, NULL, NULL),
	(101128, 'Institut Latihan Kehakiman dan Perundangan (ILKAP)', 101, 1, NULL, NULL),
	(101129, 'Pejabat Mufti Wilayah Persekutuan', 101, 1, NULL, NULL),
	(101130, 'Jabatan Kehakiman Syariah Malaysia (JKSM)', 101, 1, NULL, NULL),
	(101131, 'Pejabat Ketua Pegawai Keselamatan Kerajaan', 101, 1, NULL, NULL),
	(101132, 'Mahkamah Syariah Wilayah Persekutuan', 101, 1, NULL, NULL),
	(101135, 'Jabatan Agama Islam Wilayah Persekutuan', 101, 1, NULL, NULL),
	(101136, 'Jabatan Zakat, Wakaf dan Haji (JAWHAR)', 101, 1, NULL, NULL),
	(101137, 'Jabatan Kemajuan Islam Malaysia', 101, 1, NULL, NULL),
	(101138, 'Jabatan Perpaduan Negara dan Integrasi Nasional', 101, 1, NULL, NULL),
	(101139, 'Bahagian Hal Ehwal Penguatkuasaan Maritim Malaysia (BHEPMM)', 101, 1, NULL, NULL),
	(101141, 'Agensi Penguatkuasaan Maritim Malaysia', 101, 1, NULL, NULL),
	(101142, 'Unit Kerjasama Awam Swasta (UKAS)', 101, 1, NULL, NULL),
	(101143, 'Suruhanjaya Intergriti Agensi Penguatkuasaan (SIAP)', 101, 1, NULL, NULL),
	(101144, 'Jabatan Bantuan Guaman', 101, 1, NULL, NULL),
	(101145, 'JABATAN INSOLVENSI MALAYSIA', 101, 1, NULL, NULL),
	(101146, 'SURUHANJAYA PERLANTIKAN KEHAKIMAN (SPK)', 101, 1, NULL, NULL),
	(101147, 'UNIT PERLINDUNGAN SAKSI', 101, 1, NULL, NULL),
	(101149, 'Eastern Sabah Security Command (ESSCOM)', 101, 1, NULL, NULL),
	(101150, 'Urusetia Jawatankuasa Kerja Tanah Wilayah Persekutuan', 101, 1, NULL, NULL),
	(101401, 'Lembaga Tabung Haji', 101, 1, NULL, NULL),
	(101402, 'Perbadanan Putrajaya', 101, 1, NULL, NULL),
	(101403, 'Lembaga Kemajuan Tanah Persekutuan Malaysia (FELDA)', 101, 1, NULL, NULL),
	(101404, 'Suruhanjaya Pengangkutan Awam Darat (SPAD)', 101, 1, NULL, NULL),
	(101405, 'Lembaga Kemajuan Wilayah Pulau Pinang (PERDA)', 101, 1, NULL, NULL),
	(101406, 'Majlis Agama Islam Wilayah Persekutuan (MAWIP)', 101, 1, NULL, NULL),
	(101901, 'Ujian01..', 101, 1, '2016-11-09 10:09:55', 1),
	(103102, 'Jabatan Akauntan Negara', 103, 1, NULL, NULL),
	(103103, 'Jabatan Kastam Diraja Malaysia (KDRM)', 103, 1, NULL, NULL),
	(103104, 'Jabatan Penilaian & Perkhidmatan Harta', 103, 1, NULL, NULL),
	(103406, 'Lembaga Pembangunan Langkawi (LADA)', 103, 1, NULL, NULL),
	(103410, 'Lembaga Hasil Dalam Negeri (LHDNM)', 103, 1, NULL, NULL),
	(104101, 'Jabatan Pengangkutan Jalan', 104, 1, NULL, NULL),
	(104102, 'Jabatan Penerbangan Awam', 104, 1, NULL, NULL),
	(104106, 'Jabatan Keretapi Malaysia', 104, 1, NULL, NULL),
	(104107, 'Jabatan Keselamatan Jalan Raya', 104, 1, NULL, NULL),
	(104108, 'Jabatan Laut Malaysia', 104, 1, NULL, NULL),
	(104401, 'Lembaga Pelabuhan Kelang', 104, 1, NULL, NULL),
	(104402, 'Lembaga Pelabuhan Bintulu', 104, 1, NULL, NULL),
	(104403, 'Lembaga Pelabuhan Kuantan', 104, 1, NULL, NULL),
	(104404, 'Lembaga Pelabuhan Johor', 104, 1, NULL, NULL),
	(104406, 'Suruhanjaya Lembaga Pelabuhan Pulau Pinang', 104, 1, NULL, NULL),
	(104407, 'Perbadanan Aset Keretapi', 104, 1, NULL, NULL),
	(104408, 'Institut Penyelidikan Keselamatan Jalan Raya (Miros)', 104, 1, NULL, NULL),
	(105101, 'Jabatan Kerja Raya (JKR)', 105, 1, NULL, NULL),
	(105401, 'Lembaga Lebuhraya Malaysia (LLM)', 105, 1, NULL, NULL),
	(105402, 'Lembaga Pembangunan Perindustrian Malaysia (CIDB)', 105, 1, NULL, NULL),
	(108401, 'Lembaga Kemajuan Perindustrian Malaysia (MIDA)', 108, 1, NULL, NULL),
	(108402, 'Perbadanan Pembangunan Perdagangan Luar Malaysia (MATRADE)', 108, 1, NULL, NULL),
	(108403, 'Perbadanan Produktiviti Malaysia (MPC)', 108, 1, NULL, NULL),
	(114103, 'Jabatan Keselamatan dan Kesihatan Pekerjaan Malaysia', 114, 1, NULL, NULL),
	(114104, 'Jabatan Perhubungan Perusahaan', 114, 1, NULL, NULL),
	(114106, 'Jabatan Hal Ehwal Kesatuan Kerja', 114, 1, NULL, NULL),
	(114108, 'Mahkamah Perusahaan', 114, 1, NULL, NULL),
	(114111, 'Jabatan Tenaga Manusia', 114, 1, NULL, NULL),
	(114112, 'Jabatan Tenaga Kerja Semenanjung Malaysia', 114, 1, NULL, NULL),
	(114113, 'Jabatan Tenaga Kerja Sarawak', 114, 1, NULL, NULL),
	(114114, 'Jabatan Tenaga Kerja Sabah', 114, 1, NULL, NULL),
	(114115, 'Jabatan Pembangunan Kemahiran', 114, 1, NULL, NULL),
	(114406, 'Perbadanan Tabung Pembangunan Kemahiran', 114, 1, NULL, NULL),
	(116101, 'Jabatan Bomba & Penyelamat Malaysia', 116, 1, NULL, NULL),
	(116102, 'Jabatan Landskap Negara', 116, 1, NULL, NULL),
	(116103, 'Jabatan Perumahan Negara', 116, 1, NULL, NULL),
	(116104, 'Jabatan Kerajaan Tempatan', 116, 1, NULL, NULL),
	(116106, 'Jabatan Perancangan Bandar dan Desa Semenanjung Malaysia', 116, 1, NULL, NULL),
	(116109, 'Jabatan Pengurusan Sisa Pepejal Negara', 116, 1, NULL, NULL),
	(116401, 'Perbadanan Pengurusan Sisa Pepejal Negara Dan Pembersihan', 116, 1, NULL, NULL),
	(117101, 'Jabatan Hal Ehwal Veteran (JHEV)', 117, 1, NULL, NULL),
	(117106, 'Jabatan Latihan Khidmat Negara (JLKN)', 117, 1, NULL, NULL),
	(119012, 'Pusat Serantau Asia Tenggara bagi Mencegah Keganasan (SEARCCT)', 119, 1, NULL, NULL),
	(119102, 'Institut Diplomasi dan Hubungan Luar Negeri (IDHL)', 119, 1, NULL, NULL),
	(121101, 'Jabatan Belia Dan Sukan', 121, 1, NULL, NULL),
	(121102, 'Pejabat Pendaftaran Pertubuhan Belia', 121, 1, NULL, NULL),
	(121103, 'Pejabat Pesuruhjaya Sukan', 121, 1, NULL, NULL),
	(121401, 'Majlis Sukan Negara (MSN)', 121, 1, NULL, NULL),
	(121402, 'Perbadanan Stadium Merdeka', 121, 1, NULL, NULL),
	(121403, 'Institut Penyelidikan Pembangunan Belia Malaysia', 121, 1, NULL, NULL),
	(121404, 'Institut Sukan Negara', 121, 1, NULL, NULL),
	(123401, 'Lembaga Promosi Kesihatan Malaysia', 123, 1, NULL, NULL),
	(123402, 'Pihak Berkuasa Peranti Perubatan', 123, 1, NULL, NULL),
	(123403, 'Majlis Perubatan Malaysia', 123, 1, NULL, NULL),
	(127403, 'Majlis Sukan Wilayah', 148, 1, NULL, NULL),
	(127404, 'Perbadanan Kampong Baru', 148, 1, NULL, NULL),
	(132401, 'Lembaga Perindustrian Kayu Malaysia (MTIB)', 132, 1, NULL, NULL),
	(132402, 'Lembaga Tembakau Negara Malaysia', 132, 1, NULL, NULL),
	(132403, 'Lembaga Koko Malaysia (LKM)', 132, 1, NULL, NULL),
	(132404, 'Lembaga Getah Malaysia (LGM)', 132, 1, NULL, NULL),
	(132405, 'Lembaga Minyak Sawit Malaysia (MPOB)', 132, 1, NULL, NULL),
	(132407, 'Lembaga Lada Malaysia (MPB)', 132, 1, NULL, NULL),
	(134101, 'Jabatan Pertanian Malaysia', 134, 1, NULL, NULL),
	(134102, 'Jabatan Perikanan Malaysia', 134, 1, NULL, NULL),
	(134103, 'Jabatan Perkhidmatan Veterinar', 134, 1, NULL, NULL),
	(134104, 'Jabatan Perkhidmatan Kuarantin Dan Perkhidmatan Malaysia (MAQIS)', 134, 1, NULL, NULL),
	(134401, 'Lembaga Pertubuhan Peladang (LPP)', 134, 1, NULL, NULL),
	(134402, 'Lembaga Pemasaran Pertanian Persekutuan (FAMA)', 134, 1, NULL, NULL),
	(134403, 'Lembaga Kemajuan Pertanian Muda (MADA)', 134, 1, NULL, NULL),
	(134404, 'Lembaga Pertanian Kemubu (KADA)', 134, 1, NULL, NULL),
	(134405, 'Lembaga Kemajuan Ikan Malaysia (LKIM)', 134, 1, NULL, NULL),
	(134406, 'Institut Penyelidikan dan Kemajuan Pertanian Malaysia (MARDI)', 134, 1, NULL, NULL),
	(134409, 'Lembaga Perindustrian Nanas Malaysia', 134, 1, NULL, NULL),
	(135401, 'Dewan Bahasa Dan Pustaka', 135, 1, NULL, NULL),
	(135403, 'Majlis Peperiksaan Malaysia', 135, 1, NULL, NULL),
	(136401, 'Universiti Malaya', 136, 1, NULL, NULL),
	(136402, 'Universiti Kebangsaan Malaysia', 136, 1, NULL, NULL),
	(136403, 'Universiti Sains Malaysia', 136, 1, NULL, NULL),
	(136404, 'Universiti Teknologi Malaysia', 136, 1, NULL, NULL),
	(136405, 'Universiti Putra Malaysia', 136, 1, NULL, NULL),
	(136406, 'Universiti Islam Antarabangsa', 136, 1, NULL, NULL),
	(136407, 'Universiti Utara Malaysia', 136, 1, NULL, NULL),
	(136408, 'Universiti Malaysia Sabah', 136, 1, NULL, NULL),
	(136409, 'Universiti Malaysia Sarawak', 136, 1, NULL, NULL),
	(136410, 'Universiti Pendidikan Sultan Idris', 136, 1, NULL, NULL),
	(136411, 'Universiti Teknologi MARA', 136, 1, NULL, NULL),
	(136412, 'Universiti Darul Iman', 136, 1, NULL, NULL),
	(136413, 'Universiti Malaysia Terengganu (Kolej Universiti Sains dan Teknologi Malaysia)', 136, 1, NULL, NULL),
	(136414, 'Universiti Tun Hussein Onn Malaysia (UTHM) (Kolej Universiti Tun Hussein Onn)', 136, 1, NULL, NULL),
	(136415, 'Universiti Teknikal Malaysia Melaka (UteM) (Kolej Universiti Teknikal....', 136, 1, NULL, NULL),
	(136416, 'Universiti Sains Islam Malaysia (USIM) (Kolej Universiti Islam Malaysia)', 136, 1, NULL, NULL),
	(136417, 'Universiti Malaysia Pahang', 136, 1, NULL, NULL),
	(136418, 'Universiti Malaysia Perlis (UNIMAP)', 136, 1, NULL, NULL),
	(136419, 'Universiti Malaysia Kelantan (UMK)', 136, 1, NULL, NULL),
	(136420, 'Universiti Pertahanan Nasional Malaysia (UPNM)', 136, 1, NULL, NULL),
	(136421, 'Agensi Kelayakan Malaysia', 136, 1, NULL, NULL),
	(136422, 'Pusat Perubatan Universiti Kebangsaan Malaysia (PPUKM)', 136, 1, NULL, NULL),
	(136423, 'Hospital Universiti Sains Malaysia', 136, 1, NULL, NULL),
	(136424, 'Pusat Perubatan Universiti Malaya', 136, 1, NULL, NULL),
	(136425, 'Perbadanan Tabung Pendidikan Tinggi Nasional (PTPTN)', 136, 1, NULL, NULL),
	(138401, 'Lembaga Penggalakan Pelancongan Malaysia', 138, 1, NULL, NULL),
	(139101, 'Jabatan Kimia Malaysia', 139, 1, NULL, NULL),
	(139102, 'Agensi Nuklear Malaysia (NUKLEAR MALAYSIA)', 139, 1, NULL, NULL),
	(139103, 'Jabatan Meteorologi Malaysia (JMM)', 139, 1, NULL, NULL),
	(139104, 'Jabatan Standard Malaysia', 139, 1, NULL, NULL),
	(139105, 'Pusat Sains Negara (PSN)', 139, 1, NULL, NULL),
	(139107, 'Agensi Remote Sensing Malaysia (MACRES)', 139, 1, NULL, NULL),
	(139108, 'Agensi Angkasa Negara (AAN)', 139, 1, NULL, NULL),
	(139112, 'Lembaga Perlesenan Tenaga Atom (LPTA)', 139, 1, NULL, NULL),
	(139402, 'Akademi Sains Malaysia (ASM)', 139, 1, NULL, NULL),
	(140101, 'Bahagian Kemajuan Masyarakat (KEMAS)', 140, 1, NULL, NULL),
	(140102, 'JABATAN KEMAJUAN ORANG ASLI MALAYSIA (JAKOA)', 140, 1, NULL, NULL),
	(140103, 'Institut Kemajuan Desa (INFRA)', 140, 1, NULL, NULL),
	(140401, 'Lembaga Kemajuan Johor Tenggara (KEJORA)', 140, 1, NULL, NULL),
	(140402, 'Lembaga Kemajuan Kelantan Selatan (KESEDAR)', 140, 1, NULL, NULL),
	(140403, 'Lembaga Kemajuan Terengganu Tengah (KETENGAH)', 140, 1, NULL, NULL),
	(140404, 'Lembaga Kemajuan Wilayah Kedah (KEDA)', 140, 1, NULL, NULL),
	(140405, 'Pihak Berkuasa Kemajuan Pekebun Kecil Perusahaan Getah (RISDA)', 140, 1, NULL, NULL),
	(140406, 'Majlis Amanah Rakyat (MARA)', 140, 1, NULL, NULL),
	(141101, 'Jabatan Ukur dan Pemetaan Malaysia (JUPEM)', 141, 1, NULL, NULL),
	(141102, 'Jabatan Ketua Pengarah Tanah Dan Galian Persekutuan (JKPTG)', 141, 1, NULL, NULL),
	(141103, 'Institut Tanah & Ukur Negara (INSTUN)', 141, 1, NULL, NULL),
	(141104, 'Jabatan Mineral dan Geosains Malaysia (JMG)', 141, 1, NULL, NULL),
	(141105, 'Jabatan Perhutanan Semenanjung Malaysia(JPSM)', 141, 1, NULL, NULL),
	(141106, 'Jabatan Alam Sekitar (JAS)', 141, 1, NULL, NULL),
	(141107, 'Jabatan Perlindungan Hidupan Liar dan Taman Negara (PERHILITAN)', 141, 1, NULL, NULL),
	(141108, 'Jabatan Pengairan Dan Saliran (JPS)', 141, 1, NULL, NULL),
	(141109, 'Institut Penyelidikan Perhutanan Malaysia (FRIM)', 141, 1, NULL, NULL),
	(141110, 'Institut Penyelidikan Hidraulik Kebangsaan Malaysia (NAHRIM)', 141, 1, NULL, NULL),
	(141111, 'Jabatan Taman Laut Malaysia (JLTM)', 141, 1, NULL, NULL),
	(141112, 'Jabatan Biokeselamatan', 141, 1, NULL, NULL),
	(143101, 'Jabatan Pembangunan Wanita', 143, 1, NULL, NULL),
	(143102, 'Jabatan Kebajikan Masyarakat Malaysia', 143, 1, NULL, NULL),
	(143103, 'Institut Sosial Malaysia', 143, 1, NULL, NULL),
	(143104, 'Institut Pengupayaan Wanita Bagi Aggota Pergerakan Negara-Negara Berkecuali', 143, 1, NULL, NULL),
	(143401, 'Lembaga Penduduk dan Pembangunan Keluarga Negara (LPPKN)', 143, 1, NULL, NULL),
	(144401, 'Maktab Koperasi Malaysia (MKM)', 144, 1, NULL, NULL),
	(144402, 'Suruhanjaya Koperasi Malaysia (SKM)', 144, 1, NULL, NULL),
	(144403, 'Suruhanjaya Persaingan Malaysia (SPM)', 144, 1, NULL, NULL),
	(145101, 'Jabatan Filam Negara Malaysia', 145, 1, NULL, NULL),
	(145102, 'Jabatan Hal Ehwal Khas (Jasa) Jabatan Penerangan Malaysia', 145, 1, NULL, NULL),
	(145103, 'Jabatan Penerangan Malaysia', 145, 1, NULL, NULL),
	(145104, 'Jabatan Penyiaran Malaysia', 145, 1, NULL, NULL),
	(145105, 'Jabatan Perpustakaan Malaysia', 145, 1, NULL, NULL),
	(145106, 'Jabatan Muzium Malaysia', 145, 1, NULL, NULL),
	(145107, 'Jabatan Warisan Malaysia', 145, 1, NULL, NULL),
	(145108, 'Jabatan Arkib Malaysia', 145, 1, NULL, NULL),
	(145109, 'Jabatan Kebudayaan Dan Kesenian Negara', 145, 1, NULL, NULL),
	(145111, 'Jabatan Perlindungan Data Peribadi', 145, 1, NULL, NULL),
	(145401, 'Akademi Seni Budaya Dan Warisan Kebangsaan (Aswara)', 145, 1, NULL, NULL),
	(145402, 'Balai Seni Lukis Negara (Bsln)', 145, 1, NULL, NULL),
	(145403, 'Pertubuhan Berita Nasional Malaysia (Bernama)', 145, 1, NULL, NULL),
	(145404, 'Perbadanan Kemajuan Filam Nasional Malaysia (Finas)', 145, 1, NULL, NULL),
	(145405, 'Perbadanan Kemajuan Kraftangan Malaysia (Pkkm)', 145, 1, NULL, NULL),
	(145406, 'Istana Budaya', 145, 1, NULL, NULL),
	(146101, 'Jabatan Pendaftaran Negara (JPN)', 146, 1, NULL, NULL),
	(146103, 'Jabatan Pendaftaran Pertubuhan Malaysia (JPPM)', 146, 1, NULL, NULL),
	(146106, 'Jabatan Imigresen Malaysia', 146, 1, NULL, NULL),
	(146107, 'Agensi Antidadah Kebangsaan (AADK)', 146, 1, NULL, NULL),
	(146108, 'Jabatan Penjara Malaysia', 146, 1, NULL, NULL),
	(146109, 'Jabatan Pertahanan Awam Malaysia (JPAM)', 146, 1, NULL, NULL),
	(146110, 'Polis Diraja Malaysia (PDRM)', 146, 1, NULL, NULL),
	(147103, 'Jabatan Perkhidmatan Pembentungan', 147, 1, NULL, NULL),
	(148104, 'Pejabat Tanah dan Galian Wilayah Persekutuan (PTGWP)', 148, 1, NULL, NULL),
	(148301, 'Dewan Bandaraya Kuala Lumpur', 148, 1, NULL, NULL),
	(148401, 'Perbadanan Labuan', 148, 1, NULL, NULL),
	(148402, 'Perbadanan Putrajaya', 148, 1, NULL, NULL);
/*!40000 ALTER TABLE `jabatan` ENABLE KEYS */;

-- Dumping structure for table srp1_0b.katakunci
CREATE TABLE IF NOT EXISTS `katakunci` (
  `id` int(11) NOT NULL AUTO_INCREMENT,
  `kataKunci` text DEFAULT NULL,
  `bil` int(11) DEFAULT NULL,
  PRIMARY KEY (`id`)
) ENGINE=InnoDB AUTO_INCREMENT=473 DEFAULT CHARSET=utf8;

-- Dumping data for table srp1_0b.katakunci: ~472 rows (approximately)
/*!40000 ALTER TABLE `katakunci` DISABLE KEYS */;
INSERT INTO `katakunci` (`id`, `kataKunci`, `bil`) VALUES
	(1, 'Kumpulan Wang Amanah', 15),
	(2, 'GPKI', 8),
	(3, 'pekeliling', 4),
	(4, 'klklk', 1),
	(5, 'siber', 0),
	(6, 'keselamatan ICT', 6),
	(7, '456', 0),
	(8, 'laman', 0),
	(9, 'perolehan ict', 3),
	(10, 'media sosial', 2),
	(11, 'Biometrik', 2),
	(12, 'Scan', 0),
	(13, 'Keselamatan', 5),
	(14, 'Pemansuhan', 11),
	(15, 'kekunci awam', 0),
	(16, 'turun padang', 4),
	(17, 'Tatacara Penggunaan Internet', 3),
	(18, 'Tatacara Penggunaan Internet &amp; Mel Elektronik', 0),
	(19, 'internet', 1),
	(20, 'Tambahan', 2),
	(21, 'kelulusan Teknikal ', 0),
	(22, 'Tambahan Pertama', 0),
	(23, 'Tadbir Urus', 4),
	(24, 'Pemantapan Pelaksanaan', 2),
	(25, 'Sistem Mel Elektronik', 1),
	(26, 'Langkah-langkah Pemantapan', 1),
	(27, 'kios', 2),
	(28, 'sms', 2),
	(29, 'Media Jaringan Sosial', 5),
	(30, 'Langkah-langkah Mengenai ', 7),
	(31, 'Penggunaan Mel Elektronik', 5),
	(32, 'Mel Elektronik', 1),
	(33, 'ICT Hijau', 24),
	(34, 'Pengurusan Projek ICT', 16),
	(35, 'Panduan Pengurusan Projek ICT', 1),
	(36, 'Pengurusan Projek ICT Sektor Awam', 8),
	(37, 'Pelaksanaan Pengurusan Projek ICT', 9),
	(38, 'Pemantapan Penggunaan dan Pengurusan', 12),
	(39, 'EG*NET', 2),
	(40, 'Amalan Terbaik penggunaan media jaringan sosial', 0),
	(41, 'Pelan Strategik ICT', 26),
	(42, 'DDSA', 7),
	(43, 'MyGIF', 0),
	(44, 'Laman Web/Portal', 3),
	(45, 'MyGFOSS', 0),
	(46, 'MyGIFOSS', 0),
	(47, 'IT Outsourcing', 5),
	(48, 'BLOG', 5),
	(49, 'Berita Online', 3),
	(50, 'Kanduan Sektor Awam', 0),
	(51, 'Kandungan Sektor Awam', 24),
	(52, 'Perkongsian Pintar', 2),
	(53, 'EGAA', 0),
	(54, 'Fail Log Server', 1),
	(55, 'IPV6', 1),
	(56, 'MS ISO', 4),
	(57, 'MyMIS', 2),
	(58, 'Insiden', 5),
	(59, 'Penilaian Risiko', 3),
	(60, 'Tahap Keselamatan Rangkaian', 0),
	(61, 'Rangka Dasar Keselamatan', 1),
	(62, '1GovUC', 4),
	(63, '1GovUC', 0),
	(64, '1Gov*Net', 3),
	(65, 'Data Raya', 3),
	(66, 'Pengurusan Laman Web', 9),
	(67, 'Data Terbuka', 8),
	(68, 'Kelulusan Teknikal', 6),
	(69, 'KWAICT', 8),
	(70, 'MyRAM', 12),
	(71, 'rasionalisasi', 3),
	(72, 'DDMS', 20),
	(73, 'Pengurusan Kesinambungan', 305),
	(74, 'MyKad', 5),
	(75, 'smartphone', 2),
	(76, 'Portal ', 0),
	(77, 'Channel', 0),
	(78, 'Akta', 45),
	(79, 'Wireless', 7),
	(80, 'Keselamatan Rangkaian', 8),
	(81, 'Tanpa Wayar', 0),
	(82, 'Rangkaian Setempat Tanpa Wayar', 0),
	(83, 'Penamaan', 0),
	(84, 'CIO', 8),
	(85, 'CIO', 0),
	(86, 'MyKD', 0),
	(87, 'rangkai', 0),
	(88, 'rangkaian', 4),
	(89, 'Risiki', 0),
	(90, 'Risiko', 3),
	(91, 'PROFIT', 17),
	(92, 'PSICTSA', 0),
	(93, 'Kesinambungan', 8),
	(94, 'Horizon', 3),
	(95, 'Merakyatkan', 1),
	(96, 'saga', 26),
	(97, 'Aduan Awam', 3),
	(98, 'Perhubungan Pelanggan', 13),
	(99, 'Anugerah Inovasi', 11),
	(100, 'AIPA', 1),
	(101, 'APA', 0),
	(102, 'KPI', 4),
	(103, 'Pejabat Perkhidmatan Pelanggan', 400),
	(104, 'APC', 6),
	(105, 'Semakan Semula Prosedur', 1),
	(106, 'Pentadbiran Daerah', 4),
	(107, 'Pelaksanaan Sistem Pemantauan Penguatkuasaan', 1),
	(108, 'Sistem Pemantauan Penguatkuasaan', 3),
	(109, 'Penandaarasan', 3),
	(110, 'NALIS', 18),
	(111, 'Land Information System', 2),
	(112, 'Amalan Senyum', 3),
	(113, 'Budaya ', 0),
	(114, 'Budaya Inovasi', 0),
	(115, 'Hari Inovasi', 1),
	(116, 'Helpdesk', 6),
	(117, 'Unit Khidmat Pelanggan', 10),
	(118, 'Panduan Pelaksanaan MS ISO', 18),
	(119, 'MS ISO:2008', 3),
	(120, 'Sokongan', 9),
	(121, 'Pemimpin Kerajaan', 1),
	(122, 'Tindakan Ke Atas Sokongan', 5),
	(123, 'Kumpulan Inovatif', 1),
	(124, 'Penggabungan Pelaporan', 1),
	(125, 'Karenah Birokrasi', 1),
	(126, 'Penggabungan Pelaporan PAsukan Petugas', 1),
	(127, 'Pasukan Petugas', 0),
	(128, 'Penyerahan', 10),
	(129, 'Penyerahan Pekeliling', 383),
	(130, 'JANM', 1),
	(131, 'SPM', 11),
	(132, 'Kementerian Sumber Asli', 1),
	(133, 'Custodianship', 2),
	(134, 'JPA', 0),
	(135, 'Jabatan Perkhidmatan Awam', 2),
	(136, 'Pemansuhan Pekeliling', 20),
	(137, 'Pemansuhan PKPA', 3),
	(138, 'Pekeliling Am Bilangan 2 Tahun 1982', 3),
	(139, 'Punch Card', 3),
	(140, 'Penyeragaman kepala', 3),
	(141, 'Kepala Surat', 15),
	(142, 'Pembatalan Pemansuhan', 1),
	(143, 'Pejabat Pelan Terbuka', 10),
	(144, 'Pemakaian Tanda Nama', 4),
	(145, 'Tanda Nama', 4),
	(146, 'Langkah-Langkah', 2),
	(147, 'Menghadiri Persidangan', 0),
	(148, 'Penglibatan agensi', 12),
	(149, 'Mesin Faksimili', 2),
	(150, 'Pengurusan Penyelenggaraan', 2),
	(151, 'Penyelenggaraan', 2),
	(152, 'Ringkasan Kedudukan Kewangan', 2),
	(153, 'JITIK', 16),
	(154, 'Pindaajn', 0),
	(155, 'Pindaan', 16),
	(156, 'Pindaan Kepada Surat ', 19),
	(157, 'Pindaan Kepada', 2),
	(158, 'Sistem Perakam Waktu Elekteronik', 18),
	(159, 'Permohonan Kelulusan Teknikal', 3),
	(160, 'Tatacara Memohon Kelulusan Teknikal', 8),
	(161, 'Insiden ICT', 1),
	(162, 'Had Nilai Projek ICT', 9),
	(163, 'Tatacara Permohonan', 3),
	(164, 'Garis Panduan Mengenai Tatacara', 0),
	(165, 'Tatacara ', 0),
	(166, 'Tatacara Memohon Kelulusan', 3),
	(167, 'Tahap Keselamatan', 0),
	(168, 'Tindakan Tatatertib', 13),
	(169, 'Tindakan Tatetertib', 1),
	(170, 'Format Kepala Surat', 9),
	(171, 'JTISA', 1),
	(172, 'Organisasi Kementerian', 10),
	(173, 'MCSL', 3),
	(174, 'Rangka Dasar', 7),
	(175, 'Mekanisma Pelaporan', 4),
	(176, 'Manual Pengurusan', 14),
	(177, 'Laporan Polis', 16),
	(178, 'Undang-undang', 1),
	(179, 'Tatacara Pengurusan Aset Tak Alih', 14),
	(180, 'Aset Tak Alih', 3),
	(181, 'Kod Aset Tak Alih', 2),
	(182, 'Sistem Pemulihan ', 8),
	(183, 'Sistem Pemulihan', 9),
	(184, 'Pemulihan', 2),
	(185, 'MS ISO 9000', 22),
	(186, 'Pakarunding swasta', 4),
	(187, 'Data Custodianship', 3),
	(188, 'Sistem Maklumat Tanah', 13),
	(189, 'Pengaduan Awam', 23),
	(190, 'Pengurusan Pengaduan Awam', 17),
	(191, 'Meningkatkan', 3),
	(192, 'Telefon', 2),
	(193, 'Pengurusan Mesyuarat', 6),
	(194, 'Strategi Peningkatan Kualiti', 4),
	(195, 'Kualiti Dalam Perkhidmatan Awam', 9),
	(196, 'SIAP', 3),
	(197, 'Produktiviti', 1),
	(198, 'KMK', 2),
	(199, 'Fail Meja', 3),
	(200, 'Persyarikatan Malaysia', 4),
	(201, 'Persyarikatan', 2),
	(202, 'Kaunters', 0),
	(203, 'Perkhidmatan Kaunter', 24),
	(204, 'Borang Tindakan Kerja', 1),
	(205, 'TQM', 4),
	(206, 'Projek Pembangunan', 19),
	(207, 'Pengendalian Pengaduan Awam', 435),
	(208, 'Mesyuarat PAgi', 2),
	(209, 'Anugerah Perkhidmatan Cemerlang', 489),
	(210, 'Piagam Pelanggan', 9),
	(211, 'Borang Permohonan', 2),
	(212, 'Penggunaan Butiran Maklumat', 0),
	(213, 'ICT', 2),
	(214, 'Semakan Semula Proses Kerja', 0),
	(215, 'MPA', 1),
	(216, 'aFRSA', 0),
	(217, 'aDRSA', 0),
	(218, 'Kedudukan Kewangan', 2),
	(219, 'Penggabungan ', 0),
	(220, 'Penggabungan', 1),
	(221, 'Heldesk', 0),
	(222, 'Pembatalan', 28),
	(223, 'Panduan Pengurusan Perhubungan Pelanggan', 3),
	(224, 'ISP', 4),
	(225, 'APM', 0),
	(226, 'Penyeragaman Format', 0),
	(227, 'Organisasi', 17),
	(228, 'Sistem Perakam Waktu Elektronik', 0),
	(229, 'Sistem Perakam Waktu Elektronik', 0),
	(230, 'Penamaan KEtua Pegawai', 0),
	(231, 'wayarless', 0),
	(232, 'Laporan Ringkas', 3),
	(233, 'Mekasnisma', 0),
	(234, 'custodian', 6),
	(235, 'Pelan Strategik', 9),
	(236, 'heldpdesk', 0),
	(237, '1AKSES', 5),
	(238, 'MS ISO 9001', 3),
	(239, 'Arahan', 2),
	(240, 'KIK', 8),
	(241, 'Inovatif dan Kreatif', 0),
	(242, 'Panduan Mengenai Kumpulan Inovatif dan Kreatif', 15),
	(243, 'Pelaporan', 1),
	(244, 'Open Source', 0),
	(245, 'Standarts', 0),
	(246, 'Standards', 0),
	(247, 'Malaysian Public', 1),
	(248, 'Pengurusan KEselamatan', 5),
	(249, 'Pintar', 0),
	(250, 'Mekanisma', 1),
	(251, 'Pengukuhan', 0),
	(252, 'Aset Menyeluruh', 1),
	(253, 'SKATA', 8),
	(254, 'Persidangan', 0),
	(255, 'Sukan', 0),
	(256, 'LAtihan', 2),
	(257, 'Faksimili', 0),
	(258, 'LAporan', 0),
	(259, 'Perakam Waktu Elektronik', 3),
	(260, 'Insiden Keselamatan', 1),
	(261, 'Penilaian Tahap KEselamatan', 1),
	(262, 'Format ', 0),
	(263, 'Skim Persijilan ', 1),
	(264, 'Keberkesanan', 1),
	(265, 'Inovasi', 5),
	(266, 'Kaunter', 0),
	(267, 'Pemberian Anugerah ', 1),
	(268, 'Prosedur dan proses', 2),
	(269, 'Tatacara PenggunaanInternet', 0),
	(270, 'Pengurusan Perhubungan Pelanggan', 20),
	(271, 'Laman Web', 6),
	(272, 'Mel-elektronik', 2),
	(273, 'Pemantapan Pelaksaan Sistem Mel Elektronik', 8),
	(274, 'MS ISO/IEC', 0),
	(275, 'kesinambungan perkhidmatan', 16),
	(276, 'E-mel', 1),
	(277, 'MS ISO ', 2),
	(278, 'KAUM', 8),
	(279, 'borang-borang rasmi kerajaan', 26),
	(280, 'inovatif', 0),
	(281, 'analitis', 1),
	(282, 'emel', 2),
	(283, 'kwap', 1),
	(284, 'Klasifikasi Kaum', 2),
	(285, 'Manual Pengurusan Aset', 15),
	(286, 'Penyediaan laporan', 3),
	(287, 'Telefon bimbit', 0),
	(288, 'Perancangan dan penyediaan projek pembangunan', 6),
	(289, 'Pemakaian', 0),
	(290, 'pembatatan', 0),
	(291, 'Pengurusan Perkhidmatan Pelanggan', 1),
	(292, 'Pengurusan Aset menyeluruh', 20),
	(293, 'Badan-badan berkanun', 1),
	(294, 'TPATK', 0),
	(295, 'Manual Pengurusan Aset Menyeluruh', 15),
	(296, 'Garis Panduan', 8),
	(297, 'Garis Panduan Manual', 19),
	(298, 'pengurusan Laman Web/Portal', 8),
	(299, 'sksta', 0),
	(300, 'jkljkl\'kl;k', 0),
	(301, 'jkljljl', 0),
	(302, 'jkljklj', 0),
	(303, 'Kod Aset', 0),
	(304, 'Arahan Teknologi Maklumat', 0),
	(305, 'penggunaan media sosial', 0),
	(306, 'gov', 0),
	(307, 'strate', 0),
	(308, 'strata', 1),
	(309, 'public', 1),
	(310, 'khidmat pelanggan', 0),
	(311, 'pelanggan', 3),
	(312, 'terma rujukan ppmkb', 2),
	(313, 'kualiti', 3),
	(314, 'national single window', 1),
	(315, 'pengaduan', 0),
	(316, 'rrr', 0),
	(317, 'ee', 0),
	(318, 'Portal', 7),
	(319, 'Gggg', 1),
	(320, 'Sistem Pengurusan Keselamatan Maklumat', 7),
	(321, 'kat=1thn=trs=3sktr=1sts=1page=2\'&quot;', 0),
	(322, 'kat=1thn=trs=3sktr=1sts=1page=2\'&quot;', 0),
	(323, 'data data dicitonary', 0),
	(324, 'data dicitonary', 0),
	(325, 'dasar keselamatan ict', 2),
	(326, 'membina modul bagi pihak swasta', 0),
	(327, 'ceramah', 0),
	(328, 'tata kelakuan penjawat awam', 11),
	(329, 'etika', 0),
	(330, 'media', 0),
	(331, '\'', 20),
	(332, '2121121121212.1', 9),
	(333, ' and 1&gt;1', 9),
	(334, '\' and \'x\'=\'y', 9),
	(335, '&quot;', 7),
	(336, '&quot; and &quot;x&quot;=&quot;y', 7),
	(337, 'mekanisme pelaporan', 0),
	(338, 'pengurusan pengendalian insiden', 3),
	(339, 'Penilaian Tahap Keselamatan Rangkaian', 1),
	(340, 'Fail Log', 0),
	(341, 'Persijilan MS ISO', 0),
	(342, 'Risiko KEselamatan', 2),
	(343, 'RAKKSSA', 0),
	(344, 'Etika Penggunaan Media Sosial', 0),
	(345, 'Amalan Terbaik', 0),
	(346, 'Kandunan Sektor Awam', 0),
	(347, 'Garis Panduan Pembangunan Kandungan Sektor Awam', 13),
	(348, 'kandungan', 0),
	(349, 'perakam waktu', 0),
	(350, 'Pekeliling Kemajuan Pentadbiran Awam Bil. 1 Tahun 1996', 0),
	(351, 'Panduan Mengenai Kumpulan Inovatif Dan Kreatif (KIK)', 1),
	(352, 'Panduan Mengenai Kumpulan Inovatif Dan Kreatif (KIK) 2010', 2),
	(353, 'Pekeliling Transformasi Pentadbiran Awam Bil 1 Tahun 2016', 0),
	(354, 'elektronik', 2),
	(355, 'Pekeliling Transformasi Pentadbiran Awam Bil. 1 Tahun 2016 mengenai Panduan Pembudayaan dan Pemerkasaan Inovasi Dalam Sektor Awam Melalui Horizon Baharu Kumpulan Inovatif dan Kreatif', 3),
	(356, 'cloud computing', 0),
	(357, 'cloud', 0),
	(358, 'pengkongsi', 0),
	(359, 'computing', 0),
	(360, 'tadbirusus', 0),
	(361, 'pengurusan', 1),
	(362, 'garis panduan melaksanakan ms iso', 0),
	(363, 'bilangan 1 tahun 2011', 1),
	(364, 'memo', 0),
	(365, 'penulisan', 0),
	(366, 'mesyuarat', 3),
	(367, 'Garis Panduan Penilaian Risiko Keselamatan Maklumat', 0),
	(368, '&quot;Garis Panduan Penilaian Risiko Keselamatan Maklumat&quot;', 0),
	(369, '&amp;quot;Garis Panduan Penilaian Risiko Keselamatan Maklumat&amp;quot;', 0),
	(370, '&amp;amp;quot;Garis Panduan Penilaian Risiko Keselamatan Maklumat&amp;amp;quot;', 0),
	(371, '&amp;amp;amp;quot;Garis Panduan Penilaian Risiko Keselamatan Maklumat&amp;amp;amp;quot;', 0),
	(372, '&amp;amp;amp;amp;quot;Garis Panduan Penilaian Risiko Keselamatan Maklumat&amp;amp;amp;amp;quot;', 0),
	(373, '&amp;amp;amp;amp;amp;quot;Garis Panduan Penilaian Risiko Keselamatan Maklumat&amp;amp;amp;amp;amp;quot;', 0),
	(374, 'etika penggunaan emel', 2),
	(375, '1govnet', 0),
	(376, 'PEMBUDAYAAN INOVASI', 0),
	(377, '22 Januari 2010', 1),
	(378, 'arahan keselamatan', 0),
	(379, 'digital', 3),
	(380, 'aset', 0),
	(381, 'project ict', 7),
	(382, 'aplikasi', 5),
	(383, 'tempoh penyimpanan log file', 0),
	(384, 'perkhidmatan', 0),
	(385, 'repositori', 0),
	(386, 'KAD PERAKAM WAKTU', 0),
	(387, 'pengurusan surat terperingkat', 0),
	(388, 'surat', 14),
	(389, 'hijau', 0),
	(390, 'kepakaran', 0),
	(391, 'Sistem Kod Aset Tak Alih (SKATA)', 5),
	(392, 'RAKKKSA', 0),
	(393, 'rangka kerja', 0),
	(394, 'art arahan', 0),
	(395, 'mesyuarat panel 3p', 0),
	(396, '\'&quot;&gt;&lt;svg/onload=confirm(/OPENBUGBOUNTY/)&gt;', 0),
	(397, 'PANDUAN PELAKSANAAN MS ISO 9001:2008 DALAM SEKTOR AWAM', 0),
	(398, 'PANDUAN PELAKSANAAN MS ISO 9001:2015 DALAM SEKTOR AWAM', 1),
	(399, '&quot;PANDUAN PELAKSANAAN MS ISO 9001:2015 DALAM SEKTOR AWAM&quot;', 0),
	(400, 'panduan pelaksanaan', 0),
	(401, 'diserahkan', 0),
	(402, '	Surat Arahan Ketua Pengarah MAMPU: Penggunaan Smart Phone, Personal Digital Assistant Dan Alat Komunikasi Mudah Alih Sebagai Saluran Komunikasi Tambahan', 0),
	(403, 'Surat Arahan Ketua Pengarah MAMPU: Penggunaan Smart Phone, Personal Digital Assistant Dan Alat Komunikasi Mudah Alih Sebagai Saluran Komunikasi Tambahan', 0),
	(404, 'Penggunaan Smart Phone, Personal Digital Assistant Dan Alat Komunikasi Mudah Alih Sebagai Saluran Komunikasi Tambahan', 2),
	(405, 'perintah am bab d', 0),
	(406, 'perintah am', 0),
	(407, 'Peraturan-Peraturan Pegawai Awam', 0),
	(408, 'Kelakuan dan tatatertib', 1),
	(409, 'Perakuan Untuk Ditandatangani Oleh Penjawat Awam Berkenaan Dengan Akta Rahsia Rasmi ', 2),
	(410, 'akta rahsia rasmi', 0),
	(411, 'Akta Rahsia Rasmi 1972', 1),
	(412, 'HISA', 0),
	(413, 'anugerah pengurusan pejabat', 1),
	(414, 'pelan kesinambungan', 0),
	(415, 'iso', 11),
	(416, 'PKP', 0),
	(417, 'BCP', 0),
	(418, 'dasar', 2),
	(419, 'parlimen', 0),
	(420, 'sektor', 1),
	(421, 'satu', 1),
	(422, 'PPrISA', 1),
	(423, 'GCERT', 0),
	(424, 'nama', 0),
	(425, 'govuc', 0),
	(426, 'drsa', 0),
	(427, 'dasar keselamatan ict sektor awam', 2),
	(428, 'first', 0),
	(429, 'enjoy', 0),
	(430, 'dua', 0),
	(431, 'prissa', 1),
	(432, 'Pejabat Perkhidmatan Pelanggan\'', 0),
	(433, 'Pejabat Perkhidmatan Pelanggan2121121121212.1', 0),
	(434, 'Pejabat Perkhidmatan Pelanggan and 1=1', 1),
	(435, 'Pejabat Perkhidmatan Pelanggan and 1&gt;1', 0),
	(436, 'Pejabat Perkhidmatan Pelanggan\' and \'x\'=\'x', 0),
	(437, 'Pejabat Perkhidmatan Pelanggan\' and \'x\'=\'y', 0),
	(438, 'Pejabat Perkhidmatan Pelanggan&quot; and &quot;x&quot;=&quot;x', 0),
	(439, 'Pejabat Perkhidmatan Pelanggan&quot; and &quot;x&quot;=&quot;y', 0),
	(440, 'Pejabat Perkhidmatan Pelanggan\' AnD sLeep(3) ANd \'1', 0),
	(441, 'Pejabat Perkhidmatan Pelanggan\'&amp;&amp;sLEEp(3)&amp;&amp;\'1', 0),
	(442, 'Pejabat Perkhidmatan Pelanggan\'||SLeeP(3)&amp;&amp;\'1', 0),
	(443, 'Pejabat Perkhidmatan Pelanggan\' aND BeNChMaRK(2999999,Md5(NoW())) AnD \'1', 0),
	(444, 'Pejabat Perkhidmatan Pelanggan\'&amp;&amp;BeNChMaRK(2999999,mD5(NOW()))&amp;&amp;\'1', 0),
	(445, 'Pejabat Perkhidmatan Pelanggan\' AnD sLeep(3) ANd \'0\'=\'0', 0),
	(446, 'wang amanah', 1),
	(447, 'pelan', 1),
	(448, 'mymesyuarat', 0),
	(449, 'peranan', 0),
	(450, '&quot;&gt;&lt;/title&gt;&lt;script&gt;alert(/xss/)&lt;/script&gt;', 1),
	(451, 'majlis', 0),
	(452, 'mbj', 0),
	(453, '\'A=0', 0),
	(454, 'Pekeliling Am Bil.2 Tahun 1971', 0),
	(455, 'penubuhan Biro pengaduan awam surat pekeliling am bil 2 tahun 1971', 0),
	(456, 'biro pengaduan awam', 1),
	(457, 'sistem aplikasi', 0),
	(458, 'perolehan', 0),
	(459, 'sistem', 0),
	(460, 'jpict', 0),
	(461, 'outsource', 0),
	(462, 'Telekomunikasi Bersepadu', 2),
	(463, 'MS ISO 9001:2015 ', 0),
	(464, 'Sistem Pengurusan Kualiti ', 0),
	(465, 'myPORTFOLIO', 3),
	(466, 'Panduan Kerja di Era Digital ', 3),
	(467, 'portfolio', 0),
	(468, '    &lt;scRipt&gt;alert(&quot;hell&quot;)&lt;/script&gt;', 0),
	(469, ' &lt;body onload=alert(&quot;xss&quot;)&gt;	', 0),
	(470, 'akta 401', 0),
	(471, 'PPrISA18', 0),
	(472, 'Laporan Penamatan Projek', 0);
/*!40000 ALTER TABLE `katakunci` ENABLE KEYS */;

-- Dumping structure for table srp1_0b.katakunci_bak20170302
CREATE TABLE IF NOT EXISTS `katakunci_bak20170302` (
  `id` int(11) NOT NULL AUTO_INCREMENT,
  `kataKunci` text DEFAULT NULL,
  `bil` int(11) DEFAULT NULL,
  PRIMARY KEY (`id`)
) ENGINE=InnoDB AUTO_INCREMENT=32 DEFAULT CHARSET=utf8 ROW_FORMAT=DYNAMIC;

-- Dumping data for table srp1_0b.katakunci_bak20170302: ~31 rows (approximately)
/*!40000 ALTER TABLE `katakunci_bak20170302` DISABLE KEYS */;
INSERT INTO `katakunci_bak20170302` (`id`, `kataKunci`, `bil`) VALUES
	(1, 'pki', 17),
	(2, 'pelaporan keselamatan', 8),
	(3, 'pekeliling kemajuan', 9),
	(4, 'surat arahan ksn', 20),
	(5, 'pengukuhan tadbir urus', 11),
	(6, 'pekeliling', 1),
	(7, '2016', 0),
	(8, 'portal', 0),
	(9, 'panduan', 1),
	(10, 'surat arahan', 2),
	(11, 'pelaporan', 0),
	(12, 'pkpa', 0),
	(13, 'arahan', 1),
	(14, 'gpki', 1),
	(15, 'teknologi ict', 0),
	(16, 'tadbir', 0),
	(17, 'data terbuka', 1),
	(18, 'laman web', 0),
	(19, 'innovasi', 0),
	(20, 'Pengurusan Laman Web Agensi Sektor Awam ', 3),
	(21, 'Dasar Perkhidmatan Prasarana Kunci Awam Kerajaan [Government Public Key Infrastructure (GPKI)]', 1),
	(22, 'awam', 3),
	(23, 'GPKI, ICT, Perkhidmatan', 1),
	(24, 'QR Code, RSS, JPICT', 0),
	(25, 'kios', 0),
	(26, 'akta aktiviti', 0),
	(27, 'Akta Aktiviti Kerajaan Elektronik 2007 (Akta 680)', 0),
	(28, 'Penamaan Ketua Pegawai Maklumat Sektor Awam', 1),
	(29, 'arahan ksn', 0),
	(30, 'gcert', 1),
	(31, 'mycert', 1);
/*!40000 ALTER TABLE `katakunci_bak20170302` ENABLE KEYS */;

-- Dumping structure for table srp1_0b.kategori
CREATE TABLE IF NOT EXISTS `kategori` (
  `kod_kat` int(11) unsigned NOT NULL AUTO_INCREMENT,
  `nama_kat` varchar(250) DEFAULT NULL,
  `tkh_kemaskini` datetime DEFAULT NULL,
  `id_pengemaskini` int(11) DEFAULT NULL,
  `papar_data` tinyint(1) DEFAULT 1,
  PRIMARY KEY (`kod_kat`),
  FULLTEXT KEY `nama_kat` (`nama_kat`)
) ENGINE=InnoDB AUTO_INCREMENT=15 DEFAULT CHARSET=latin1;

-- Dumping data for table srp1_0b.kategori: ~14 rows (approximately)
/*!40000 ALTER TABLE `kategori` DISABLE KEYS */;
INSERT INTO `kategori` (`kod_kat`, `nama_kat`, `tkh_kemaskini`, `id_pengemaskini`, `papar_data`) VALUES
	(1, 'Kategori', '2016-10-07 15:08:40', 1, NULL),
	(2, 'Arahan Teknologi Maklumat', '2018-04-20 10:25:45', 21, 1),
	(3, 'Surat Arahan KSN', '2016-10-03 21:32:37', 1, 1),
	(4, 'Garis Panduan', '2016-10-03 21:32:46', 1, 1),
	(5, 'Pekeliling Am', '2017-03-15 11:15:00', 3, 1),
	(6, 'Surat Pekeliling Am', '2016-10-03 21:34:24', 1, 1),
	(7, 'Pekeliling Kemajuan Pentadbiran Awam', '2016-10-03 21:34:06', 1, 1),
	(8, 'Surat Pekeliling Kemajuan Pentadbiran Awam', '2016-10-03 21:33:59', 1, 1),
	(9, 'Pekeliling Transformasi Pentadbiran Awam', '2016-10-03 21:33:42', 1, 1),
	(10, 'Surat Pekeliling Transformasi Pentadbiran Awam', '2016-10-03 21:33:33', 1, 1),
	(11, 'Surat Arahan Ketua Pengarah MAMPU', '2016-10-03 21:33:26', 1, 1),
	(12, 'Pekeliling Am Jabatan Perdana Menteri', '2017-04-12 09:53:48', 3, 0),
	(13, 'Akta', '2018-04-13 15:44:43', 21, 1),
	(14, 'Dasar', '2018-04-13 17:50:23', 21, 0);
/*!40000 ALTER TABLE `kategori` ENABLE KEYS */;

-- Dumping structure for table srp1_0b.kementerian
CREATE TABLE IF NOT EXISTS `kementerian` (
  `kod_kem` int(11) unsigned NOT NULL AUTO_INCREMENT,
  `nama_kem` varchar(200) DEFAULT NULL,
  `papar_data` tinyint(1) DEFAULT 1,
  PRIMARY KEY (`kod_kem`),
  FULLTEXT KEY `nama_kem` (`nama_kem`)
) ENGINE=InnoDB AUTO_INCREMENT=502 DEFAULT CHARSET=latin1;

-- Dumping data for table srp1_0b.kementerian: ~61 rows (approximately)
/*!40000 ALTER TABLE `kementerian` DISABLE KEYS */;
INSERT INTO `kementerian` (`kod_kem`, `nama_kem`, `papar_data`) VALUES
	(1, 'Tiada Pilihan Dibuat', 0),
	(101, 'Jabatan Perdana Menteri', 1),
	(103, 'Kementerian Kewangan', 1),
	(104, 'Kementerian Pengangkutan', 1),
	(105, 'Kementerian Kerja Raya', 1),
	(108, 'Kementerian Perdagangan Antarabangsa Dan Industri', 1),
	(114, 'Kementerian Sumber Manusia', 1),
	(116, 'Kementerian Perumahan Dan Kerajaan Tempatan', 1),
	(117, 'Kementerian Pertahanan', 1),
	(119, 'Kementerian Luar Negeri', 1),
	(121, 'Kementerian Belia Dan Sukan', 1),
	(123, 'Kementerian Kesihatan Malaysia', 1),
	(132, 'Kementerian Perusahaan, Perladangan dan Komoditi', 1),
	(134, 'Kementerian Pertanian dan Industri Asas Tani', 1),
	(135, 'Kementerian Pelajaran Malaysia', 1),
	(136, 'Kementerian Pengajian Tinggi', 1),
	(138, 'Kementerian Pelancongan', 1),
	(139, 'Kementerian Sains, Teknologi Dan Inovasi', 1),
	(140, 'Kementerian Kemajuan Luar Bandar dan Wilayah', 1),
	(141, 'Kementerian Sumber Asli dan Alam Sekitar', 1),
	(143, 'Kementerian Pembangunan Wanita, Keluarga dan Masyarakat', 1),
	(144, 'Kementerian Perdagangan Dalam Negeri, Koperasi dan Kepenggunaan', 1),
	(145, 'Kementerian Penerangan, Komunikasi dan Kebudayaan', 1),
	(146, 'Kementerian Dalam Negeri', 1),
	(147, 'Kementerian Tenaga, Teknologi Hijau dan Air', 1),
	(148, 'Kementerian Wilayah Persekutuan dan Kesejahteraan Bandar', 1),
	(201, 'Pentadbiran Kerajaan Negeri Johor', 1),
	(202, 'Pentadbiran Kerajaan Negeri Kedah', 1),
	(203, 'Pentadbiran Kerajaan Negeri Kelantan', 1),
	(204, 'Pentadbiran Kerajaan Negeri Melaka', 1),
	(205, 'Pentadbiran Kerajaan Negeri Sembilan', 1),
	(206, 'Pentadbiran Kerajaan Negeri Pahang', 1),
	(207, 'Pentadbiran Kerajaan Pulau Pinang', 1),
	(208, 'Pentadbiran Kerajaan Negeri Perak', 1),
	(209, 'Pentadbiran Kerajaan Negeri Perlis', 1),
	(210, 'Pentadbiran Kerajaan Negeri Selangor', 1),
	(211, 'Pentadbiran Kerajaan Negeri Terengganu', 1),
	(361, 'Jabatan Ketua Menteri Sabah', 1),
	(362, 'Kementerian Pembangunan Luar Bandar Sabah', 1),
	(363, 'Kementerian Kewangan Sabah', 1),
	(364, 'Kementerian Pembangunan Pertanian dan Industri Makanan Sabah', 1),
	(365, 'Kementerian Pembangunan Insfrastruktur Sabah', 1),
	(366, 'Kementerian Kerajaan Tempatan dan Perumahan Sabah', 1),
	(367, 'Kementerian Pembangunan Masyarakat & Hal-Ehwal Pengguna Sabah', 1),
	(369, 'Kementerian Pembangunan Perindustrian Sabah', 1),
	(373, 'Kementerian Pelancongan, Kebudayaan dan Alam Sekitar Sabah', 1),
	(374, 'Kementerian Pembangunan Sumber dan Kemajuan Teknologi Maklumat Sabah', 1),
	(376, 'Kementerian Belia dan Sukan Sabah', 1),
	(481, 'Jabatan Ketua Menteri Sarawak', 1),
	(483, 'Kementerian Pembangunan Infrastruktur Dan Perhubungan Sarawak', 1),
	(484, 'Kementerian Perancangan dan Pengurusan Sumber Sarawak', 1),
	(487, 'Kementerian Alam Sekitar dan Kesihatan Awam Sarawak', 1),
	(490, 'Kementerian Pembangunan Perindustrian Sarawak', 1),
	(493, 'Kementerian Pembangunan Sosial dan Urbanisasi Sarawak', 1),
	(494, 'Kementerian Kewangan Sarawak', 1),
	(495, 'Kementerian Permodenan Pertanian Sarawak', 1),
	(496, 'Kementerian Pembangunan Luar Bandar Sarawak', 1),
	(498, 'Kementerian Kemudahan Awam Sarawak', 1),
	(499, 'Kementerian Kemajuan Tanah Sarawak ', 1),
	(500, 'Kementerian Perumahan dan Bandar Sarawak', 1),
	(501, 'Kementerian Pelancongan dan Warisan Sarawak', 1);
/*!40000 ALTER TABLE `kementerian` ENABLE KEYS */;

-- Dumping structure for table srp1_0b.log_audit
CREATE TABLE IF NOT EXISTS `log_audit` (
  `id` int(11) unsigned NOT NULL AUTO_INCREMENT,
  `masa` int(11) DEFAULT NULL COMMENT 'masa transaksi',
  `id_pengguna` int(11) DEFAULT NULL COMMENT 'id pengguna yang melaksanakan operasi',
  `ip_pengguna` varchar(50) DEFAULT NULL,
  `operasi` int(11) DEFAULT NULL COMMENT 'tambah, kemaskini, padam',
  `jadual` int(11) DEFAULT NULL COMMENT 'dokumen, bahagian, gelaran_nama, jabatan, kategori, kementerian, pengguna, sektor, status, teras_strategik',
  `id_terlibat` int(11) DEFAULT NULL,
  PRIMARY KEY (`id`)
) ENGINE=InnoDB DEFAULT CHARSET=latin1;

-- Dumping data for table srp1_0b.log_audit: ~0 rows (approximately)
/*!40000 ALTER TABLE `log_audit` DISABLE KEYS */;
/*!40000 ALTER TABLE `log_audit` ENABLE KEYS */;

-- Dumping structure for table srp1_0b.pengguna
CREATE TABLE IF NOT EXISTS `pengguna` (
  `id_pengguna` int(11) unsigned NOT NULL AUTO_INCREMENT,
  `nama_penuh` varchar(150) DEFAULT NULL,
  `kod_gelaran_nama` varchar(50) DEFAULT NULL,
  `nama_pengguna` varchar(25) DEFAULT NULL,
  `kata_laluan` varchar(64) DEFAULT NULL,
  `garam` varchar(50) DEFAULT NULL,
  `emel` varchar(50) DEFAULT NULL,
  `kod_kem` int(11) DEFAULT NULL,
  `kod_jab` int(11) DEFAULT NULL,
  `pentadbir_sistem` tinyint(1) DEFAULT 0,
  `pentadbir_dokumen` tinyint(1) DEFAULT 0,
  `pentadbir_pengguna` tinyint(1) DEFAULT 0,
  `pentadbir_super` tinyint(1) DEFAULT 0 COMMENT 'beri kemampuan untuk padam rekod',
  `jum_mata_peranan` int(1) DEFAULT 0,
  `status_pengguna` int(11) DEFAULT NULL COMMENT '0-tak aktif, 1-aktif',
  `id_pendaftar` int(11) DEFAULT NULL,
  `tarikh_daftar` timestamp NULL DEFAULT NULL,
  `id_pengemaskini` int(11) DEFAULT NULL,
  `tarikh_kemaskini` timestamp NULL DEFAULT NULL,
  PRIMARY KEY (`id_pengguna`),
  UNIQUE KEY `nama_pengguna` (`nama_pengguna`),
  KEY `kata_laluan` (`kata_laluan`)
) ENGINE=InnoDB AUTO_INCREMENT=23 DEFAULT CHARSET=latin1;

-- Dumping data for table srp1_0b.pengguna: ~18 rows (approximately)
/*!40000 ALTER TABLE `pengguna` DISABLE KEYS */;
INSERT INTO `pengguna` (`id_pengguna`, `nama_penuh`, `kod_gelaran_nama`, `nama_pengguna`, `kata_laluan`, `garam`, `emel`, `kod_kem`, `kod_jab`, `pentadbir_sistem`, `pentadbir_dokumen`, `pentadbir_pengguna`, `pentadbir_super`, `jum_mata_peranan`, `status_pengguna`, `id_pendaftar`, `tarikh_daftar`, `id_pengemaskini`, `tarikh_kemaskini`) VALUES
	(1, 'Admin', '1', 'admin', '@dm1n5rp', 'Tiada data dimasukkan.', 'adminsrp@emel.com', 101, 101115, 1, 2, 3, 1, 6, 1, NULL, NULL, 3, '2017-03-07 15:08:28'),
	(2, 'Russiyatimah Binti Arshad', '9', 'russiyatimah', 'Putr4j4y4#123', 'Tiada data dimasukkan.', 'russiyatimah@mampu.gov.my', 101, 101115, 1, 2, 3, 0, 6, 0, 1, '2017-02-06 15:20:38', 3, '2018-03-07 15:12:08'),
	(3, 'Abdullah Bin Mohd Jamil', '10', 'abdullahjamil', 'bpmla040', 'Tiada data dimasukkan.', 'abdullahjamil@mampu.gov.my', 101, 101115, 1, 2, 3, 1, 6, 1, 1, '2017-02-06 15:22:51', 3, '2018-03-07 15:51:38'),
	(4, 'Aqilah', '1', 'aqilah', 'password', 'Tiada data dimasukkan.', 'aqilah@gmail.com', 101, 101115, 0, 2, 0, 0, 2, 0, 1, '2017-02-06 14:59:04', 3, '2017-05-09 16:18:44'),
	(5, 'Syed Faizal Al-Atas Bin Syed Hashim', '10', 'syedfaizal', 'sPLj6WV+', 'Tiada data dimasukkan.', 'syedfaizalalatas@gmail.com', 101, 101115, 1, 2, 3, 0, 6, 0, 1, '2017-01-04 06:17:49', 1, '2018-03-21 10:12:13'),
	(6, 'Sudin Bin Abdul Rahman', '1', 'sudin', 'sPLj6WV+', 'Tiada data dimasukkan.', 'sudin@mampu.gov.my', 101, 101115, 1, 2, 3, 0, 6, 0, 1, '2017-01-04 06:20:29', 3, '2018-03-07 15:12:29'),
	(7, 'Noor Hapidah Binti Muhayat', '1', 'hapidah67', 'kkdn2005', 'Tiada data dimasukkan.', 'hapidah@mampu.gov.my', 101, 101115, 1, 2, 3, 0, 6, 1, 1, '2017-01-04 06:44:47', 1, '2018-03-28 09:08:21'),
	(8, 'Hafiza Harun', '1', 'hafiza', 'sPLj6WV+', 'Tiada data dimasukkan.', 'hafiza@mampu.gov.my', 101, 101115, 1, 2, 3, 0, 6, 0, 7, '2017-02-01 17:32:38', 3, '2017-05-09 16:20:02'),
	(13, 'Nur Aqeela Binti Mohamed Redzuan', '11', 'qeela', 'password', 'Tiada data dimasukkan.', 'pshaqeela@mampu.gov.my', 101, 101115, 0, 2, 0, 0, 2, 1, 3, '2017-03-06 14:46:53', 3, '2017-05-09 16:18:28'),
	(14, 'Zulkefli Bin Ibrahim', '5', 'zulkefli', 'Putr4j4y4#123', 'Tiada data dimasukkan.', 'zulkefli@mampu.gov.my', 101, 101115, 0, 2, 0, 0, 2, 1, 3, '2017-03-07 14:27:55', 3, '2017-05-08 10:10:32'),
	(15, 'Hj. Mohd Yussuf Al-Fahmey Bin Abdul Rahim', '5', 'myaf', 'Putr4j4y4#123', 'Tiada data dimasukkan.', 'myaf@mampu.gov.my', 101, 101115, 0, 2, 0, 0, 2, 0, 3, '2017-03-07 14:29:32', 3, '2017-05-09 16:20:11'),
	(16, 'Mohamed Helmi Bin Ideris @ Abdullah', '10', 'helmi', 'Putr4j4y4#123', 'Tiada data dimasukkan.', 'helmi@mampu.gov.my', 101, 101115, 0, 2, 0, 0, 2, 1, 3, '2017-03-07 14:31:02', 3, '2017-03-07 14:31:02'),
	(17, 'Shahrul Ridzwan Bin Mohd Ariffin', '10', 'shahrulridzwan', 'Putr4j4y4#123', 'Tiada data dimasukkan.', 'shahrulridzwan@mampu.gov.my', 101, 101115, 0, 2, 0, 0, 2, 1, 3, '2017-03-07 14:32:27', 3, '2017-03-07 14:32:27'),
	(18, 'Rasidah Binti Ibrahim', '9', 'rasidah', 'Putr4j4y4#123', 'Tiada data dimasukkan.', 'rasidah@mampu.gov.my', 101, 101115, 0, 2, 0, 0, 2, 1, 3, '2017-03-07 14:51:41', 3, '2017-03-07 14:51:41'),
	(19, 'Norsalfiza Binti Sabri', '9', 'norsalfiza', 'Putr4j4y4#123', 'Tiada data dimasukkan.', 'norsalfiza@mampu.gov.my', 101, 101115, 0, 2, 0, 0, 2, 1, 3, '2017-03-07 14:52:43', 3, '2018-03-07 15:13:49'),
	(20, 'Nurul Hazwani Binti Zuzuki', '11', 'hazwani', 'Putr4j4y4#123', 'Tiada data dimasukkan.', 'ptklhazwani@mampu.gov.my', 101, 101115, 0, 2, 0, 0, 2, 0, 3, '2017-03-15 09:11:03', 3, '2017-05-09 16:19:39'),
	(21, 'Nor Faradila Binti Kolan', '9', 'faradila', 'Putr4j4y4#123', 'Tiada data dimasukkan.', 'faradila@mampu.gov.my', 101, 101115, 1, 2, 3, 0, 6, 1, 3, '2018-03-07 15:17:02', 3, '2018-04-11 11:22:16'),
	(22, 'Ruziah binti Mokhtar', '9', 'Ruziah', 'password', 'Tiada data dimasukkan.', 'ruziah@mampu.gov.my', 101, 101115, 1, 2, 3, 0, 6, 1, 21, '2018-04-11 14:47:39', 21, '2018-04-13 17:46:24');
/*!40000 ALTER TABLE `pengguna` ENABLE KEYS */;

-- Dumping structure for table srp1_0b.sektor
CREATE TABLE IF NOT EXISTS `sektor` (
  `kod_sektor` int(11) unsigned NOT NULL AUTO_INCREMENT,
  `kod_jab` int(11) DEFAULT NULL,
  `nama_sektor` varchar(50) DEFAULT NULL,
  `tkh_kemaskini` datetime DEFAULT NULL,
  `id_pengemaskini` int(11) DEFAULT NULL,
  `papar_data` tinyint(1) DEFAULT NULL,
  PRIMARY KEY (`kod_sektor`),
  FULLTEXT KEY `nama_sektor` (`nama_sektor`)
) ENGINE=InnoDB AUTO_INCREMENT=5 DEFAULT CHARSET=latin1;

-- Dumping data for table srp1_0b.sektor: ~4 rows (approximately)
/*!40000 ALTER TABLE `sektor` DISABLE KEYS */;
INSERT INTO `sektor` (`kod_sektor`, `kod_jab`, `nama_sektor`, `tkh_kemaskini`, `id_pengemaskini`, `papar_data`) VALUES
	(1, NULL, 'Sektor', '2016-10-03 21:48:30', 1, NULL),
	(2, NULL, 'Sektor Pengurusan', '2016-10-03 21:48:30', 1, 1),
	(3, NULL, 'Sektor TPP', '2017-01-19 17:22:18', 7, 1),
	(4, NULL, 'Sektor ICT', '2016-10-03 21:48:39', 1, 1);
/*!40000 ALTER TABLE `sektor` ENABLE KEYS */;

-- Dumping structure for table srp1_0b.status
CREATE TABLE IF NOT EXISTS `status` (
  `kod_status` int(11) unsigned NOT NULL AUTO_INCREMENT,
  `nama_status` varchar(100) DEFAULT NULL,
  `tkh_kemaskini` datetime DEFAULT NULL,
  `id_pengemaskini` int(11) DEFAULT NULL,
  `papar_data` tinyint(1) DEFAULT 1,
  PRIMARY KEY (`kod_status`),
  FULLTEXT KEY `nama_status` (`nama_status`)
) ENGINE=InnoDB AUTO_INCREMENT=6 DEFAULT CHARSET=latin1;

-- Dumping data for table srp1_0b.status: ~5 rows (approximately)
/*!40000 ALTER TABLE `status` DISABLE KEYS */;
INSERT INTO `status` (`kod_status`, `nama_status`, `tkh_kemaskini`, `id_pengemaskini`, `papar_data`) VALUES
	(1, 'Status Dokumen', '2016-10-03 21:40:43', 1, NULL),
	(2, 'Masih Berkuat Kuasa', '2016-10-03 21:40:43', 1, 1),
	(3, 'Dimansuhkan', '2017-01-19 17:21:35', 7, 1),
	(4, 'Diserahkan Kepada', '2016-10-03 21:40:53', 1, 1),
	(5, 'Pindaan Kepada', '2017-04-12 08:58:15', 3, 0);
/*!40000 ALTER TABLE `status` ENABLE KEYS */;

-- Dumping structure for table srp1_0b.teras_dok
CREATE TABLE IF NOT EXISTS `teras_dok` (
  `id_td` int(11) unsigned NOT NULL AUTO_INCREMENT,
  `teras_index` int(2) DEFAULT NULL,
  `checked_value` tinyint(1) DEFAULT NULL,
  `kod_teras` int(11) DEFAULT NULL,
  `kod_dok` int(11) DEFAULT NULL,
  PRIMARY KEY (`id_td`),
  KEY `kod_dok` (`kod_dok`),
  KEY `kod_teras` (`kod_teras`)
) ENGINE=InnoDB AUTO_INCREMENT=665 DEFAULT CHARSET=latin1;

-- Dumping data for table srp1_0b.teras_dok: ~592 rows (approximately)
/*!40000 ALTER TABLE `teras_dok` DISABLE KEYS */;
INSERT INTO `teras_dok` (`id_td`, `teras_index`, `checked_value`, `kod_teras`, `kod_dok`) VALUES
	(1, 0, 0, 2, 1),
	(2, 1, 1, 3, 1),
	(3, 2, 0, 4, 1),
	(4, 3, 0, 5, 1),
	(5, 0, 1, 2, 2),
	(6, 1, 1, 3, 2),
	(7, 2, 0, 4, 2),
	(8, 3, 0, 5, 2),
	(9, 0, 1, 2, 3),
	(10, 1, 0, 3, 3),
	(11, 2, 1, 4, 3),
	(12, 3, 0, 5, 3),
	(13, 0, 1, 2, 4),
	(14, 1, 0, 3, 4),
	(15, 2, 1, 4, 4),
	(16, 3, 0, 5, 4),
	(17, 0, 1, 2, 5),
	(18, 1, 1, 3, 5),
	(19, 2, 0, 4, 5),
	(20, 3, 0, 5, 5),
	(21, 0, 1, 2, 6),
	(22, 1, 1, 3, 6),
	(23, 2, 1, 4, 6),
	(24, 3, 0, 5, 6),
	(25, 0, 0, 2, 7),
	(26, 1, 0, 3, 7),
	(27, 2, 1, 4, 7),
	(28, 3, 1, 5, 7),
	(29, 0, 1, 2, 8),
	(30, 1, 0, 3, 8),
	(31, 2, 1, 4, 8),
	(32, 3, 0, 5, 8),
	(33, 0, 1, 2, 9),
	(34, 1, 1, 3, 9),
	(35, 2, 1, 4, 9),
	(36, 3, 0, 5, 9),
	(37, 0, 1, 2, 10),
	(38, 1, 1, 3, 10),
	(39, 2, 1, 4, 10),
	(40, 3, 0, 5, 10),
	(41, 0, 1, 2, 11),
	(42, 1, 0, 3, 11),
	(43, 2, 1, 4, 11),
	(44, 3, 1, 5, 11),
	(45, 0, 1, 2, 12),
	(46, 1, 0, 3, 12),
	(47, 2, 1, 4, 12),
	(48, 3, 0, 5, 12),
	(49, 0, 1, 2, 13),
	(50, 1, 0, 3, 13),
	(51, 2, 1, 4, 13),
	(52, 3, 0, 5, 13),
	(53, 0, 1, 2, 14),
	(54, 1, 0, 3, 14),
	(55, 2, 1, 4, 14),
	(56, 3, 0, 5, 14),
	(57, 0, 1, 2, 15),
	(58, 1, 0, 3, 15),
	(59, 2, 1, 4, 15),
	(60, 3, 0, 5, 15),
	(61, 0, 1, 2, 16),
	(62, 1, 0, 3, 16),
	(63, 2, 0, 4, 16),
	(64, 3, 0, 5, 16),
	(65, 0, 1, 2, 17),
	(66, 1, 0, 3, 17),
	(67, 2, 1, 4, 17),
	(68, 3, 0, 5, 17),
	(69, 0, 1, 2, 18),
	(70, 1, 0, 3, 18),
	(71, 2, 1, 4, 18),
	(72, 3, 0, 5, 18),
	(73, 0, 1, 2, 19),
	(74, 1, 0, 3, 19),
	(75, 2, 1, 4, 19),
	(76, 3, 0, 5, 19),
	(77, 0, 1, 2, 20),
	(78, 1, 0, 3, 20),
	(79, 2, 1, 4, 20),
	(80, 3, 0, 5, 20),
	(81, 0, 1, 2, 21),
	(82, 1, 0, 3, 21),
	(83, 2, 1, 4, 21),
	(84, 3, 0, 5, 21),
	(85, 0, 1, 2, 22),
	(86, 1, 0, 3, 22),
	(87, 2, 1, 4, 22),
	(88, 3, 0, 5, 22),
	(89, 0, 1, 2, 23),
	(90, 1, 0, 3, 23),
	(91, 2, 1, 4, 23),
	(92, 3, 0, 5, 23),
	(93, 0, 1, 2, 24),
	(94, 1, 0, 3, 24),
	(95, 2, 1, 4, 24),
	(96, 3, 0, 5, 24),
	(97, 0, 0, 2, 25),
	(98, 1, 1, 3, 25),
	(99, 2, 1, 4, 25),
	(100, 3, 0, 5, 25),
	(101, 0, 0, 2, 26),
	(102, 1, 1, 3, 26),
	(103, 2, 1, 4, 26),
	(104, 3, 0, 5, 26),
	(105, 0, 1, 2, 27),
	(106, 1, 0, 3, 27),
	(107, 2, 1, 4, 27),
	(108, 3, 0, 5, 27),
	(109, 0, 1, 2, 28),
	(110, 1, 0, 3, 28),
	(111, 2, 1, 4, 28),
	(112, 3, 0, 5, 28),
	(113, 0, 1, 2, 29),
	(114, 1, 0, 3, 29),
	(115, 2, 1, 4, 29),
	(116, 3, 0, 5, 29),
	(125, 0, 1, 2, 30),
	(126, 1, 0, 3, 30),
	(127, 2, 1, 4, 30),
	(128, 3, 0, 5, 30),
	(137, 0, 1, 2, 31),
	(138, 1, 0, 3, 31),
	(139, 2, 1, 4, 31),
	(140, 3, 0, 5, 31),
	(141, 0, 1, 2, 32),
	(142, 1, 1, 3, 32),
	(143, 2, 0, 4, 32),
	(144, 3, 0, 5, 32),
	(145, 0, 1, 2, 33),
	(146, 1, 1, 3, 33),
	(147, 2, 0, 4, 33),
	(148, 3, 0, 5, 33),
	(149, 0, 1, 2, 34),
	(150, 1, 1, 3, 34),
	(151, 2, 0, 4, 34),
	(152, 3, 0, 5, 34),
	(153, 0, 1, 2, 35),
	(154, 1, 1, 3, 35),
	(155, 2, 0, 4, 35),
	(156, 3, 0, 5, 35),
	(157, 0, 1, 2, 36),
	(158, 1, 1, 3, 36),
	(159, 2, 1, 4, 36),
	(160, 3, 0, 5, 36),
	(161, 0, 1, 2, 37),
	(162, 1, 0, 3, 37),
	(163, 2, 1, 4, 37),
	(164, 3, 0, 5, 37),
	(165, 0, 1, 2, 38),
	(166, 1, 0, 3, 38),
	(167, 2, 1, 4, 38),
	(168, 3, 0, 5, 38),
	(169, 0, 1, 2, 39),
	(170, 1, 1, 3, 39),
	(171, 2, 0, 4, 39),
	(172, 3, 0, 5, 39),
	(173, 0, 1, 2, 40),
	(174, 1, 1, 3, 40),
	(175, 2, 0, 4, 40),
	(176, 3, 0, 5, 40),
	(177, 0, 1, 2, 41),
	(178, 1, 1, 3, 41),
	(179, 2, 0, 4, 41),
	(180, 3, 0, 5, 41),
	(181, 0, 1, 2, 42),
	(182, 1, 0, 3, 42),
	(183, 2, 1, 4, 42),
	(184, 3, 0, 5, 42),
	(189, 0, 1, 2, 43),
	(190, 1, 0, 3, 43),
	(191, 2, 1, 4, 43),
	(192, 3, 0, 5, 43),
	(193, 0, 1, 2, 44),
	(194, 1, 1, 3, 44),
	(195, 2, 0, 4, 44),
	(196, 3, 0, 5, 44),
	(197, 0, 1, 2, 45),
	(198, 1, 0, 3, 45),
	(199, 2, 1, 4, 45),
	(200, 3, 0, 5, 45),
	(201, 0, 1, 2, 46),
	(202, 1, 0, 3, 46),
	(203, 2, 1, 4, 46),
	(204, 3, 0, 5, 46),
	(205, 0, 1, 2, 47),
	(206, 1, 0, 3, 47),
	(207, 2, 1, 4, 47),
	(208, 3, 0, 5, 47),
	(209, 0, 1, 2, 48),
	(210, 1, 0, 3, 48),
	(211, 2, 1, 4, 48),
	(212, 3, 0, 5, 48),
	(213, 0, 1, 2, 49),
	(214, 1, 0, 3, 49),
	(215, 2, 1, 4, 49),
	(216, 3, 0, 5, 49),
	(217, 0, 1, 2, 50),
	(218, 1, 1, 3, 50),
	(219, 2, 1, 4, 50),
	(220, 3, 1, 5, 50),
	(221, 0, 0, 2, 51),
	(222, 1, 1, 3, 51),
	(223, 2, 1, 4, 51),
	(224, 3, 0, 5, 51),
	(225, 0, 1, 2, 52),
	(226, 1, 1, 3, 52),
	(227, 2, 1, 4, 52),
	(228, 3, 0, 5, 52),
	(229, 0, 1, 2, 53),
	(230, 1, 1, 3, 53),
	(231, 2, 1, 4, 53),
	(232, 3, 0, 5, 53),
	(233, 0, 1, 2, 54),
	(234, 1, 0, 3, 54),
	(235, 2, 1, 4, 54),
	(236, 3, 0, 5, 54),
	(241, 0, 1, 2, 55),
	(242, 1, 0, 3, 55),
	(243, 2, 1, 4, 55),
	(244, 3, 0, 5, 55),
	(245, 0, 1, 2, 56),
	(246, 1, 1, 3, 56),
	(247, 2, 0, 4, 56),
	(248, 3, 0, 5, 56),
	(249, 0, 1, 2, 57),
	(250, 1, 1, 3, 57),
	(251, 2, 0, 4, 57),
	(252, 3, 0, 5, 57),
	(257, 0, 1, 2, 58),
	(258, 1, 1, 3, 58),
	(259, 2, 1, 4, 58),
	(260, 3, 1, 5, 58),
	(261, 0, 1, 2, 59),
	(262, 1, 1, 3, 59),
	(263, 2, 1, 4, 59),
	(264, 3, 1, 5, 59),
	(265, 0, 1, 2, 60),
	(266, 1, 1, 3, 60),
	(267, 2, 1, 4, 60),
	(268, 3, 1, 5, 60),
	(269, 0, 1, 2, 61),
	(270, 1, 1, 3, 61),
	(271, 2, 1, 4, 61),
	(272, 3, 1, 5, 61),
	(273, 0, 1, 2, 62),
	(274, 1, 1, 3, 62),
	(275, 2, 0, 4, 62),
	(276, 3, 0, 5, 62),
	(277, 0, 1, 2, 63),
	(278, 1, 1, 3, 63),
	(279, 2, 1, 4, 63),
	(280, 3, 1, 5, 63),
	(281, 0, 1, 2, 64),
	(282, 1, 1, 3, 64),
	(283, 2, 1, 4, 64),
	(284, 3, 1, 5, 64),
	(285, 0, 1, 2, 65),
	(286, 1, 0, 3, 65),
	(287, 2, 1, 4, 65),
	(288, 3, 0, 5, 65),
	(289, 0, 1, 2, 66),
	(290, 1, 1, 3, 66),
	(291, 2, 1, 4, 66),
	(292, 3, 0, 5, 66),
	(293, 0, 1, 2, 67),
	(294, 1, 1, 3, 67),
	(295, 2, 1, 4, 67),
	(296, 3, 1, 5, 67),
	(297, 0, 1, 2, 68),
	(298, 1, 1, 3, 68),
	(299, 2, 1, 4, 68),
	(300, 3, 0, 5, 68),
	(301, 0, 1, 2, 69),
	(302, 1, 1, 3, 69),
	(303, 2, 1, 4, 69),
	(304, 3, 0, 5, 69),
	(305, 0, 1, 2, 70),
	(306, 1, 1, 3, 70),
	(307, 2, 1, 4, 70),
	(308, 3, 1, 5, 70),
	(309, 0, 1, 2, 71),
	(310, 1, 1, 3, 71),
	(311, 2, 1, 4, 71),
	(312, 3, 1, 5, 71),
	(313, 0, 1, 2, 72),
	(314, 1, 0, 3, 72),
	(315, 2, 1, 4, 72),
	(316, 3, 0, 5, 72),
	(317, 0, 1, 2, 73),
	(318, 1, 0, 3, 73),
	(319, 2, 1, 4, 73),
	(320, 3, 0, 5, 73),
	(321, 0, 1, 2, 74),
	(322, 1, 0, 3, 74),
	(323, 2, 1, 4, 74),
	(324, 3, 0, 5, 74),
	(325, 0, 1, 2, 75),
	(326, 1, 0, 3, 75),
	(327, 2, 1, 4, 75),
	(328, 3, 0, 5, 75),
	(329, 0, 1, 2, 76),
	(330, 1, 0, 3, 76),
	(331, 2, 1, 4, 76),
	(332, 3, 0, 5, 76),
	(333, 0, 1, 2, 77),
	(334, 1, 1, 3, 77),
	(335, 2, 1, 4, 77),
	(336, 3, 0, 5, 77),
	(337, 0, 1, 2, 78),
	(338, 1, 1, 3, 78),
	(339, 2, 1, 4, 78),
	(340, 3, 1, 5, 78),
	(341, 0, 1, 2, 79),
	(342, 1, 1, 3, 79),
	(343, 2, 1, 4, 79),
	(344, 3, 1, 5, 79),
	(345, 0, 1, 2, 80),
	(346, 1, 1, 3, 80),
	(347, 2, 1, 4, 80),
	(348, 3, 1, 5, 80),
	(349, 0, 1, 2, 81),
	(350, 1, 1, 3, 81),
	(351, 2, 1, 4, 81),
	(352, 3, 1, 5, 81),
	(353, 0, 1, 2, 82),
	(354, 1, 1, 3, 82),
	(355, 2, 1, 4, 82),
	(356, 3, 1, 5, 82),
	(357, 0, 1, 2, 83),
	(358, 1, 1, 3, 83),
	(359, 2, 1, 4, 83),
	(360, 3, 1, 5, 83),
	(361, 0, 1, 2, 84),
	(362, 1, 1, 3, 84),
	(363, 2, 1, 4, 84),
	(364, 3, 1, 5, 84),
	(365, 0, 1, 2, 85),
	(366, 1, 1, 3, 85),
	(367, 2, 1, 4, 85),
	(368, 3, 1, 5, 85),
	(369, 0, 1, 2, 86),
	(370, 1, 1, 3, 86),
	(371, 2, 1, 4, 86),
	(372, 3, 1, 5, 86),
	(373, 0, 1, 2, 87),
	(374, 1, 1, 3, 87),
	(375, 2, 1, 4, 87),
	(376, 3, 0, 5, 87),
	(377, 0, 1, 2, 88),
	(378, 1, 1, 3, 88),
	(379, 2, 1, 4, 88),
	(380, 3, 0, 5, 88),
	(381, 0, 1, 2, 89),
	(382, 1, 0, 3, 89),
	(383, 2, 1, 4, 89),
	(384, 3, 0, 5, 89),
	(393, 0, 1, 2, 90),
	(394, 1, 0, 3, 90),
	(395, 2, 1, 4, 90),
	(396, 3, 0, 5, 90),
	(397, 0, 1, 2, 91),
	(398, 1, 1, 3, 91),
	(399, 2, 1, 4, 91),
	(400, 3, 1, 5, 91),
	(401, 0, 1, 2, 92),
	(402, 1, 1, 3, 92),
	(403, 2, 1, 4, 92),
	(404, 3, 1, 5, 92),
	(405, 0, 1, 2, 93),
	(406, 1, 0, 3, 93),
	(407, 2, 1, 4, 93),
	(408, 3, 0, 5, 93),
	(409, 0, 1, 2, 94),
	(410, 1, 1, 3, 94),
	(411, 2, 1, 4, 94),
	(412, 3, 1, 5, 94),
	(413, 0, 1, 2, 95),
	(414, 1, 1, 3, 95),
	(415, 2, 1, 4, 95),
	(416, 3, 1, 5, 95),
	(417, 0, 1, 2, 96),
	(418, 1, 0, 3, 96),
	(419, 2, 1, 4, 96),
	(420, 3, 1, 5, 96),
	(421, 0, 1, 2, 97),
	(422, 1, 1, 3, 97),
	(423, 2, 1, 4, 97),
	(424, 3, 1, 5, 97),
	(425, 0, 1, 2, 98),
	(426, 1, 1, 3, 98),
	(427, 2, 1, 4, 98),
	(428, 3, 0, 5, 98),
	(429, 0, 1, 2, 99),
	(430, 1, 1, 3, 99),
	(431, 2, 1, 4, 99),
	(432, 3, 1, 5, 99),
	(433, 0, 1, 2, 100),
	(434, 1, 1, 3, 100),
	(435, 2, 1, 4, 100),
	(436, 3, 1, 5, 100),
	(437, 0, 1, 2, 101),
	(438, 1, 1, 3, 101),
	(439, 2, 1, 4, 101),
	(440, 3, 1, 5, 101),
	(441, 0, 1, 2, 102),
	(442, 1, 1, 3, 102),
	(443, 2, 1, 4, 102),
	(444, 3, 0, 5, 102),
	(445, 0, 1, 2, 103),
	(446, 1, 1, 3, 103),
	(447, 2, 1, 4, 103),
	(448, 3, 1, 5, 103),
	(449, 0, 1, 2, 104),
	(450, 1, 1, 3, 104),
	(451, 2, 1, 4, 104),
	(452, 3, 1, 5, 104),
	(453, 0, 1, 2, 105),
	(454, 1, 0, 3, 105),
	(455, 2, 1, 4, 105),
	(456, 3, 0, 5, 105),
	(457, 0, 1, 2, 106),
	(458, 1, 0, 3, 106),
	(459, 2, 1, 4, 106),
	(460, 3, 0, 5, 106),
	(461, 0, 1, 2, 107),
	(462, 1, 0, 3, 107),
	(463, 2, 1, 4, 107),
	(464, 3, 0, 5, 107),
	(465, 0, 1, 2, 108),
	(466, 1, 0, 3, 108),
	(467, 2, 1, 4, 108),
	(468, 3, 0, 5, 108),
	(469, 0, 1, 2, 109),
	(470, 1, 0, 3, 109),
	(471, 2, 1, 4, 109),
	(472, 3, 0, 5, 109),
	(473, 0, 1, 2, 110),
	(474, 1, 0, 3, 110),
	(475, 2, 1, 4, 110),
	(476, 3, 1, 5, 110),
	(477, 0, 1, 2, 111),
	(478, 1, 0, 3, 111),
	(479, 2, 1, 4, 111),
	(480, 3, 1, 5, 111),
	(481, 0, 1, 2, 112),
	(482, 1, 0, 3, 112),
	(483, 2, 1, 4, 112),
	(484, 3, 0, 5, 112),
	(485, 0, 1, 2, 113),
	(486, 1, 0, 3, 113),
	(487, 2, 1, 4, 113),
	(488, 3, 0, 5, 113),
	(489, 0, 1, 2, 114),
	(490, 1, 0, 3, 114),
	(491, 2, 1, 4, 114),
	(492, 3, 1, 5, 114),
	(493, 0, 1, 2, 115),
	(494, 1, 0, 3, 115),
	(495, 2, 1, 4, 115),
	(496, 3, 0, 5, 115),
	(497, 0, 1, 2, 116),
	(498, 1, 0, 3, 116),
	(499, 2, 1, 4, 116),
	(500, 3, 0, 5, 116),
	(501, 0, 1, 2, 117),
	(502, 1, 0, 3, 117),
	(503, 2, 1, 4, 117),
	(504, 3, 0, 5, 117),
	(505, 0, 1, 2, 118),
	(506, 1, 0, 3, 118),
	(507, 2, 1, 4, 118),
	(508, 3, 0, 5, 118),
	(509, 0, 1, 2, 119),
	(510, 1, 0, 3, 119),
	(511, 2, 1, 4, 119),
	(512, 3, 1, 5, 119),
	(513, 0, 1, 2, 120),
	(514, 1, 0, 3, 120),
	(515, 2, 1, 4, 120),
	(516, 3, 1, 5, 120),
	(525, 0, 1, 2, 121),
	(526, 1, 0, 3, 121),
	(527, 2, 1, 4, 121),
	(528, 3, 1, 5, 121),
	(533, 0, 1, 2, 122),
	(534, 1, 0, 3, 122),
	(535, 2, 1, 4, 122),
	(536, 3, 0, 5, 122),
	(537, 0, 1, 2, 123),
	(538, 1, 0, 3, 123),
	(539, 2, 1, 4, 123),
	(540, 3, 1, 5, 123),
	(557, 0, 0, 2, 124),
	(558, 1, 1, 3, 124),
	(559, 2, 1, 4, 124),
	(560, 3, 0, 5, 124),
	(561, 0, 1, 2, 125),
	(562, 1, 1, 3, 125),
	(563, 2, 1, 4, 125),
	(564, 3, 1, 5, 125),
	(565, 0, 1, 2, 126),
	(566, 1, 0, 3, 126),
	(567, 2, 1, 4, 126),
	(568, 3, 0, 5, 126),
	(569, 0, 1, 2, 127),
	(570, 1, 0, 3, 127),
	(571, 2, 1, 4, 127),
	(572, 3, 1, 5, 127),
	(573, 0, 1, 2, 128),
	(574, 1, 0, 3, 128),
	(575, 2, 1, 4, 128),
	(576, 3, 0, 5, 128),
	(577, 0, 1, 2, 129),
	(578, 1, 0, 3, 129),
	(579, 2, 1, 4, 129),
	(580, 3, 0, 5, 129),
	(585, 0, 1, 2, 130),
	(586, 1, 1, 3, 130),
	(587, 2, 1, 4, 130),
	(588, 3, 0, 5, 130),
	(589, 0, 1, 2, 131),
	(590, 1, 1, 3, 131),
	(591, 2, 1, 4, 131),
	(592, 3, 0, 5, 131),
	(593, 0, 1, 2, 132),
	(594, 1, 0, 3, 132),
	(595, 2, 1, 4, 132),
	(596, 3, 1, 5, 132),
	(597, 0, 1, 2, 133),
	(598, 1, 1, 3, 133),
	(599, 2, 1, 4, 133),
	(600, 3, 1, 5, 133),
	(601, 0, 1, 2, 134),
	(602, 1, 0, 3, 134),
	(603, 2, 1, 4, 134),
	(604, 3, 1, 5, 134),
	(605, 0, 1, 2, 135),
	(606, 1, 0, 3, 135),
	(607, 2, 1, 4, 135),
	(608, 3, 0, 5, 135),
	(609, 0, 1, 2, 136),
	(610, 1, 1, 3, 136),
	(611, 2, 1, 4, 136),
	(612, 3, 1, 5, 136),
	(613, 0, 1, 2, 137),
	(614, 1, 1, 3, 137),
	(615, 2, 1, 4, 137),
	(616, 3, 1, 5, 137),
	(617, 0, 1, 2, 138),
	(618, 1, 0, 3, 138),
	(619, 2, 1, 4, 138),
	(620, 3, 0, 5, 138),
	(621, 0, 1, 2, 139),
	(622, 1, 0, 3, 139),
	(623, 2, 1, 4, 139),
	(624, 3, 1, 5, 139),
	(625, 0, 1, 2, 140),
	(626, 1, 1, 3, 140),
	(627, 2, 1, 4, 140),
	(628, 3, 0, 5, 140),
	(629, 0, 1, 2, 141),
	(630, 1, 0, 3, 141),
	(631, 2, 1, 4, 141),
	(632, 3, 1, 5, 141),
	(633, 0, 1, 2, 142),
	(634, 1, 0, 3, 142),
	(635, 2, 1, 4, 142),
	(636, 3, 0, 5, 142),
	(637, 0, 1, 2, 143),
	(638, 1, 0, 3, 143),
	(639, 2, 0, 4, 143),
	(640, 3, 1, 5, 143),
	(645, 0, 1, 2, 144),
	(646, 1, 1, 3, 144),
	(647, 2, 1, 4, 144),
	(648, 3, 1, 5, 144),
	(649, 0, 1, 2, 145),
	(650, 1, 0, 3, 145),
	(651, 2, 1, 4, 145),
	(652, 3, 1, 5, 145),
	(653, 0, 1, 2, 146),
	(654, 1, 1, 3, 146),
	(655, 2, 1, 4, 146),
	(656, 3, 1, 5, 146),
	(657, 0, 1, 2, 147),
	(658, 1, 1, 3, 147),
	(659, 2, 1, 4, 147),
	(660, 3, 1, 5, 147),
	(661, 0, 1, 2, 148),
	(662, 1, 1, 3, 148),
	(663, 2, 1, 4, 148),
	(664, 3, 1, 5, 148);
/*!40000 ALTER TABLE `teras_dok` ENABLE KEYS */;

-- Dumping structure for table srp1_0b.teras_dok_bak20170302
CREATE TABLE IF NOT EXISTS `teras_dok_bak20170302` (
  `id_td` int(11) unsigned NOT NULL AUTO_INCREMENT,
  `teras_index` int(2) DEFAULT NULL,
  `checked_value` tinyint(1) DEFAULT NULL,
  `kod_teras` int(11) DEFAULT NULL,
  `kod_dok` int(11) DEFAULT NULL,
  PRIMARY KEY (`id_td`),
  KEY `kod_dok` (`kod_dok`),
  KEY `kod_teras` (`kod_teras`)
) ENGINE=InnoDB AUTO_INCREMENT=197 DEFAULT CHARSET=latin1 ROW_FORMAT=DYNAMIC;

-- Dumping data for table srp1_0b.teras_dok_bak20170302: ~76 rows (approximately)
/*!40000 ALTER TABLE `teras_dok_bak20170302` DISABLE KEYS */;
INSERT INTO `teras_dok_bak20170302` (`id_td`, `teras_index`, `checked_value`, `kod_teras`, `kod_dok`) VALUES
	(1, 0, 1, 2, 1),
	(2, 1, 1, 3, 1),
	(3, 2, 1, 4, 1),
	(4, 3, 1, 5, 1),
	(5, 0, 1, 2, 2),
	(6, 1, 0, 3, 2),
	(7, 2, 1, 4, 2),
	(8, 3, 1, 5, 2),
	(17, 0, 1, 2, 3),
	(18, 1, 0, 3, 3),
	(19, 2, 1, 4, 3),
	(20, 3, 0, 5, 3),
	(21, 0, 1, 2, 3),
	(22, 1, 1, 3, 3),
	(23, 2, 1, 4, 3),
	(24, 3, 0, 5, 3),
	(25, 0, 1, 2, 5),
	(26, 1, 1, 3, 5),
	(27, 2, 0, 4, 5),
	(28, 3, 0, 5, 5),
	(29, 0, 1, 2, 6),
	(30, 1, 0, 3, 6),
	(31, 2, 1, 4, 6),
	(32, 3, 0, 5, 6),
	(33, 0, 1, 2, 7),
	(34, 1, 0, 3, 7),
	(35, 2, 1, 4, 7),
	(36, 3, 0, 5, 7),
	(37, 0, 1, 2, 8),
	(38, 1, 1, 3, 8),
	(39, 2, 1, 4, 8),
	(40, 3, 0, 5, 8),
	(41, 0, 1, 2, 9),
	(42, 1, 0, 3, 9),
	(43, 2, 1, 4, 9),
	(44, 3, 0, 5, 9),
	(45, 0, 0, 2, 10),
	(46, 1, 0, 3, 10),
	(47, 2, 0, 4, 10),
	(48, 3, 1, 5, 10),
	(49, 0, 1, 2, 11),
	(50, 1, 0, 3, 11),
	(51, 2, 0, 4, 11),
	(52, 3, 0, 5, 11),
	(53, 0, 1, 2, 12),
	(54, 1, 1, 3, 12),
	(55, 2, 0, 4, 12),
	(56, 3, 0, 5, 12),
	(57, 0, 0, 2, 13),
	(58, 1, 1, 3, 13),
	(59, 2, 0, 4, 13),
	(60, 3, 0, 5, 13),
	(69, 0, 1, 2, 14),
	(70, 1, 1, 3, 14),
	(71, 2, 1, 4, 14),
	(72, 3, 1, 5, 14),
	(73, 0, 1, 2, 15),
	(74, 1, 1, 3, 15),
	(75, 2, 1, 4, 15),
	(76, 3, 0, 5, 15),
	(181, 0, 1, 2, 16),
	(182, 1, 1, 3, 16),
	(183, 2, 1, 4, 16),
	(184, 3, 0, 5, 16),
	(185, 0, 1, 2, 17),
	(186, 1, 1, 3, 17),
	(187, 2, 0, 4, 17),
	(188, 3, 0, 5, 17),
	(189, 0, 1, 2, 18),
	(190, 1, 1, 3, 18),
	(191, 2, 0, 4, 18),
	(192, 3, 0, 5, 18),
	(193, 0, 0, 2, 4),
	(194, 1, 1, 3, 4),
	(195, 2, 1, 4, 4),
	(196, 3, 0, 5, 4);
/*!40000 ALTER TABLE `teras_dok_bak20170302` ENABLE KEYS */;

-- Dumping structure for table srp1_0b.teras_strategik
CREATE TABLE IF NOT EXISTS `teras_strategik` (
  `kod_teras` int(11) unsigned NOT NULL AUTO_INCREMENT,
  `nama_teras` varchar(100) DEFAULT NULL,
  `tkh_kemaskini` datetime DEFAULT NULL,
  `id_pengemaskini` int(11) DEFAULT NULL,
  `papar_data` tinyint(1) DEFAULT 1,
  PRIMARY KEY (`kod_teras`),
  FULLTEXT KEY `nama_teras` (`nama_teras`)
) ENGINE=InnoDB AUTO_INCREMENT=6 DEFAULT CHARSET=latin1;

-- Dumping data for table srp1_0b.teras_strategik: ~5 rows (approximately)
/*!40000 ALTER TABLE `teras_strategik` DISABLE KEYS */;
INSERT INTO `teras_strategik` (`kod_teras`, `nama_teras`, `tkh_kemaskini`, `id_pengemaskini`, `papar_data`) VALUES
	(1, 'Teras Strategik', '2016-10-03 21:44:22', 1, NULL),
	(2, 'Penawaran Perkhidmatan', '2017-02-06 15:23:48', 9, 1),
	(3, 'Perkhidmatan Guna Sama, Pengurusan Maklumat dan Keselamatan ICT', '2016-10-03 21:46:38', 1, 1),
	(4, 'Penglibatan Kumpulan Sasaran', '2016-10-03 21:52:22', 1, 1),
	(5, 'Pembudayaan Inovasi', '2016-10-03 22:00:08', 1, 1);
/*!40000 ALTER TABLE `teras_strategik` ENABLE KEYS */;

-- Dumping structure for table srp1_0b.tetapan_jabatan
CREATE TABLE IF NOT EXISTS `tetapan_jabatan` (
  `tetapan_id` int(11) unsigned NOT NULL AUTO_INCREMENT,
  `jabatan_kod_jab` int(11) DEFAULT NULL,
  `tetapan_bil_rekod_semuka` int(4) NOT NULL DEFAULT 5,
  PRIMARY KEY (`tetapan_id`),
  KEY `kod_jab` (`jabatan_kod_jab`)
) ENGINE=InnoDB AUTO_INCREMENT=2 DEFAULT CHARSET=latin1;

-- Dumping data for table srp1_0b.tetapan_jabatan: ~0 rows (approximately)
/*!40000 ALTER TABLE `tetapan_jabatan` DISABLE KEYS */;
INSERT INTO `tetapan_jabatan` (`tetapan_id`, `jabatan_kod_jab`, `tetapan_bil_rekod_semuka`) VALUES
	(1, 101115, 7);
/*!40000 ALTER TABLE `tetapan_jabatan` ENABLE KEYS */;

/*!40101 SET SQL_MODE=IFNULL(@OLD_SQL_MODE, '') */;
/*!40014 SET FOREIGN_KEY_CHECKS=IF(@OLD_FOREIGN_KEY_CHECKS IS NULL, 1, @OLD_FOREIGN_KEY_CHECKS) */;
/*!40101 SET CHARACTER_SET_CLIENT=@OLD_CHARACTER_SET_CLIENT */;
